Date,open,high,low,close,adjclose,volume,ingested_at_utc
02-07-2020,81.43199921,81.8666687,79.04000092,80.57733154,80.57733154,258751500,2026-07-29 05:52:48.140356+00:00
06-07-2020,85.11266327,91.85266876,84.40266418,91.4386673,91.4386673,308548500,2026-07-29 05:52:48.140356+00:00
07-07-2020,93.66733551,95.30000305,89.11399841,92.65733337,92.65733337,322345500,2026-07-29 05:52:48.140356+00:00
08-07-2020,93.66666412,94.48400116,87.42266846,91.05867004,91.05867004,244669500,2026-07-29 05:52:48.140356+00:00
09-07-2020,93.13266754,93.90399933,90.08533478,92.95200348,92.95200348,175764000,2026-07-29 05:52:48.140356+00:00
10-07-2020,93.06666565,103.2613297,91.73400116,102.9766693,102.9766693,350064000,2026-07-29 05:52:48.140356+00:00
13-07-2020,110.5999985,119.6660004,98.0739975,99.80400085,99.80400085,584781000,2026-07-29 05:52:48.140356+00:00
14-07-2020,103.7333298,106.0,95.40000153,101.1200027,101.1200027,351271500,2026-07-29 05:52:48.140356+00:00
15-07-2020,102.8666687,103.3333359,97.1333313,103.0673294,103.0673294,245517000,2026-07-29 05:52:48.140356+00:00
16-07-2020,98.47733307,102.1139984,97.73332977,100.0426636,100.0426636,214512000,2026-07-29 05:52:48.140356+00:00
17-07-2020,100.8966675,102.5006638,99.33333588,100.0559998,100.0559998,139950000,2026-07-29 05:52:48.140356+00:00
20-07-2020,101.267334,110.0,99.19999695,109.5333328,109.5333328,256821000,2026-07-29 05:52:48.140356+00:00
21-07-2020,109.3286667,111.6666641,103.8666687,104.5573349,104.5573349,241608000,2026-07-29 05:52:48.140356+00:00
22-07-2020,106.5999985,108.4280014,104.1333313,106.1553345,106.1553345,212416500,2026-07-29 05:52:48.140356+00:00
23-07-2020,111.9300003,112.5999985,98.71800232,100.8713303,100.8713303,364927500,2026-07-29 05:52:48.140356+00:00
24-07-2020,94.40066528,97.66666412,91.10266876,94.46666718,94.46666718,290949000,2026-07-29 05:52:48.140356+00:00
27-07-2020,95.66666412,103.1959991,94.19999695,102.6399994,102.6399994,240730500,2026-07-29 05:52:48.140356+00:00
28-07-2020,100.2666702,104.3133316,98.2946701,98.43267059,98.43267059,237130500,2026-07-29 05:52:48.140356+00:00
29-07-2020,100.0666656,102.3206635,99.1333313,99.9406662,99.9406662,141403500,2026-07-29 05:52:48.140356+00:00
30-07-2020,99.19999695,100.8826675,98.06666565,99.16600037,99.16600037,114315000,2026-07-29 05:52:48.140356+00:00
31-07-2020,101.0,101.1366653,94.73200226,95.38400269,95.38400269,183123000,2026-07-29 05:52:48.140356+00:00
03-08-2020,96.61333466,100.6539993,96.29199982,99.0,99.0,132139500,2026-07-29 05:52:48.140356+00:00
04-08-2020,99.66733551,101.8273315,97.46666718,99.1333313,99.1333313,126225000,2026-07-29 05:52:48.140356+00:00
05-08-2020,99.53266907,99.98933411,97.88733673,99.00133514,99.00133514,74217000,2026-07-29 05:52:48.140356+00:00
06-08-2020,99.38866425,101.1539993,98.48400116,99.305336,99.305336,89884500,2026-07-29 05:52:48.140356+00:00
07-08-2020,99.96932983,99.98332977,94.33399963,96.84733582,96.84733582,133446000,2026-07-29 05:52:48.140356+00:00
10-08-2020,96.53333282,97.16666412,92.38933563,94.57133484,94.57133484,112834500,2026-07-29 05:52:48.140356+00:00
11-08-2020,93.06666565,94.66666412,91.0,91.62599945,91.62599945,129387000,2026-07-29 05:52:48.140356+00:00
12-08-2020,98.0,105.6666641,95.66666412,103.6506653,103.6506653,327441000,2026-07-29 05:52:48.140356+00:00
13-08-2020,107.4000015,110.0786667,104.4840012,108.0666656,108.0666656,306379500,2026-07-29 05:52:48.140356+00:00
14-08-2020,110.9993362,111.253334,108.4426651,110.0473328,110.0473328,188664000,2026-07-29 05:52:48.140356+00:00
17-08-2020,111.8000031,123.0573349,111.5220032,122.3759995,122.3759995,303634500,2026-07-29 05:52:48.140356+00:00
18-08-2020,126.5993347,128.2599945,123.0073318,125.8059998,125.8059998,247117500,2026-07-29 05:52:48.140356+00:00
19-08-2020,124.3333359,127.4000015,122.7473297,125.2353363,125.2353363,183079500,2026-07-29 05:52:48.140356+00:00
20-08-2020,124.0453339,134.7993317,123.8040009,133.4553375,133.4553375,309177000,2026-07-29 05:52:48.140356+00:00
21-08-2020,136.317337,139.6993256,135.0033264,136.665329,136.665329,322344000,2026-07-29 05:52:48.140356+00:00
24-08-2020,141.7519989,141.9333344,128.5013275,134.2799988,134.2799988,300954000,2026-07-29 05:52:48.140356+00:00
25-08-2020,131.6593323,135.1966705,131.1999969,134.889328,134.889328,159883500,2026-07-29 05:52:48.140356+00:00
26-08-2020,137.3333282,144.3999939,136.9086609,143.5446625,143.5446625,213591000,2026-07-29 05:52:48.140356+00:00
27-08-2020,145.3639984,153.0399933,142.8333282,149.25,149.25,355395000,2026-07-29 05:52:48.140356+00:00
28-08-2020,153.0079956,154.5659943,145.7680054,147.5599976,147.5599976,301218000,2026-07-29 05:52:48.140356+00:00
31-08-2020,148.2033386,166.7133331,146.7033386,166.1066742,166.1066742,355123200,2026-07-29 05:52:48.140356+00:00
01-09-2020,167.3800049,167.4966736,156.8366699,158.3500061,158.3500061,269523300,2026-07-29 05:52:48.140356+00:00
02-09-2020,159.6633301,159.6799927,135.0399933,149.1233368,149.1233368,288528300,2026-07-29 05:52:48.140356+00:00
03-09-2020,135.7433319,143.9333344,134.0,135.6666718,135.6666718,262788300,2026-07-29 05:52:48.140356+00:00
04-09-2020,134.2700043,142.6666718,124.0066681,139.4400024,139.4400024,330965700,2026-07-29 05:52:48.140356+00:00
08-09-2020,118.6666641,122.9133301,109.9599991,110.0699997,110.0699997,346397100,2026-07-29 05:52:48.140356+00:00
09-09-2020,118.8666687,123.0,113.8366699,122.0933304,122.0933304,238397400,2026-07-29 05:52:48.140356+00:00
10-09-2020,128.7366638,132.9966736,120.1866684,123.7799988,123.7799988,254791800,2026-07-29 05:52:48.140356+00:00
11-09-2020,127.3133316,127.5,120.1666641,124.2399979,124.2399979,182152500,2026-07-29 05:52:48.140356+00:00
14-09-2020,126.9833298,140.0,124.4333344,139.8733368,139.8733368,249061800,2026-07-29 05:52:48.140356+00:00
15-09-2020,145.5200043,153.9799957,143.5666656,149.9199982,149.9199982,291894600,2026-07-29 05:52:48.140356+00:00
16-09-2020,146.6233368,152.5966644,145.1033325,147.2533264,147.2533264,216837900,2026-07-29 05:52:48.140356+00:00
17-09-2020,138.5333405,145.9299927,136.0,141.1433258,141.1433258,230337600,2026-07-29 05:52:48.140356+00:00
18-09-2020,149.3133392,150.3333282,142.9333344,147.3833313,147.3833313,259220400,2026-07-29 05:52:48.140356+00:00
21-09-2020,151.043335,151.8933258,135.6900024,149.7966614,149.7966614,328430400,2026-07-29 05:52:48.140356+00:00
22-09-2020,143.1999969,145.9199982,139.1999969,141.4100037,141.4100037,238742400,2026-07-29 05:52:48.140356+00:00
23-09-2020,135.0533295,137.3833313,125.293335,126.7866669,126.7866669,285222600,2026-07-29 05:52:48.140356+00:00
24-09-2020,121.2666702,133.1666718,117.0999985,129.2633362,129.2633362,289683300,2026-07-29 05:52:48.140356+00:00
25-09-2020,131.156662,136.2433319,130.4333344,135.7799988,135.7799988,201625500,2026-07-29 05:52:48.140356+00:00
28-09-2020,141.5399933,142.6933289,138.5166626,140.3999939,140.3999939,149158800,2026-07-29 05:52:48.140356+00:00
29-09-2020,138.6666718,142.8333282,137.1999969,139.6900024,139.6900024,150657900,2026-07-29 05:52:48.140356+00:00
30-09-2020,140.4400024,144.6433258,140.156662,143.0033264,143.0033264,144436800,2026-07-29 05:52:48.140356+00:00
01-10-2020,146.9199982,149.6266632,144.8066711,149.386673,149.386673,152224500,2026-07-29 05:52:48.140356+00:00
02-10-2020,140.4633331,146.3766632,138.3333282,138.363327,138.363327,214290000,2026-07-29 05:52:48.140356+00:00
05-10-2020,141.1166687,144.5466614,139.7766724,141.8933258,141.8933258,134168400,2026-07-29 05:52:48.140356+00:00
06-10-2020,141.2633362,142.9266663,135.3500061,137.9933319,137.9933319,147438900,2026-07-29 05:52:48.140356+00:00
07-10-2020,139.956665,143.3000031,137.9499969,141.7666626,141.7666626,129383100,2026-07-29 05:52:48.140356+00:00
08-10-2020,146.1466675,146.3333282,141.7666626,141.9733276,141.9733276,121263300,2026-07-29 05:52:48.140356+00:00
09-10-2020,143.3766632,144.863327,142.1533356,144.6666718,144.6666718,86777100,2026-07-29 05:52:48.140356+00:00
12-10-2020,147.3333282,149.5800018,146.1933289,147.4333344,147.4333344,116373300,2026-07-29 05:52:48.140356+00:00
13-10-2020,147.7833405,149.6300049,145.5333405,148.8833313,148.8833313,103391100,2026-07-29 05:52:48.140356+00:00
14-10-2020,149.9266663,155.3000031,149.1166687,153.7666626,153.7666626,143639100,2026-07-29 05:52:48.140356+00:00
15-10-2020,150.1033325,152.1900024,147.5,149.6266632,149.6266632,107017200,2026-07-29 05:52:48.140356+00:00
16-10-2020,151.4799957,151.9833374,146.2833405,146.5566711,146.5566711,98327700,2026-07-29 05:52:48.140356+00:00
19-10-2020,148.7466736,149.0,142.956665,143.6100006,143.6100006,108863400,2026-07-29 05:52:48.140356+00:00
20-10-2020,143.9166718,143.9166718,139.6833344,140.6466675,140.6466675,94968900,2026-07-29 05:52:48.140356+00:00
21-10-2020,140.8999939,144.3166656,140.4166718,140.8800049,140.8800049,97111500,2026-07-29 05:52:48.140356+00:00
22-10-2020,147.3066711,148.4100037,141.5033264,141.9299927,141.9299927,119979600,2026-07-29 05:52:48.140356+00:00
23-10-2020,140.613327,140.9633331,135.793335,140.2100067,140.2100067,101151000,2026-07-29 05:52:48.140356+00:00
26-10-2020,137.2100067,141.9199982,136.6666718,140.093338,140.093338,84717600,2026-07-29 05:52:48.140356+00:00
27-10-2020,141.2533264,143.5,140.0333405,141.5599976,141.5599976,68059500,2026-07-29 05:52:48.140356+00:00
28-10-2020,138.8266602,139.5333405,135.3333282,135.3399963,135.3399963,76354200,2026-07-29 05:52:48.140356+00:00
29-10-2020,136.6533356,139.3533325,135.4866638,136.9433289,136.9433289,67965900,2026-07-29 05:52:48.140356+00:00
30-10-2020,135.6333313,135.863327,126.3700027,129.3466644,129.3466644,127533900,2026-07-29 05:52:48.140356+00:00
02-11-2020,131.3333282,135.6600037,130.7666626,133.5033264,133.5033264,87063300,2026-07-29 05:52:48.140356+00:00
03-11-2020,136.5766602,142.5899963,135.5633392,141.3000031,141.3000031,103055100,2026-07-29 05:52:48.140356+00:00
04-11-2020,143.5399933,145.1333313,139.0333405,140.3266602,140.3266602,96429300,2026-07-29 05:52:48.140356+00:00
05-11-2020,142.7666626,146.6666718,141.3333282,146.0299988,146.0299988,85243500,2026-07-29 05:52:48.140356+00:00
06-11-2020,145.3666687,145.5233307,141.4266663,143.3166656,143.3166656,65118000,2026-07-29 05:52:48.140356+00:00
09-11-2020,146.5,150.8333282,140.3333282,140.4199982,140.4199982,104499000,2026-07-29 05:52:48.140356+00:00
10-11-2020,140.0299988,140.0299988,132.0099945,136.7866669,136.7866669,90852600,2026-07-29 05:52:48.140356+00:00
11-11-2020,138.8166656,139.5666656,136.8600006,139.043335,139.043335,52073100,2026-07-29 05:52:48.140356+00:00
12-11-2020,138.3500061,141.0,136.5066681,137.2533264,137.2533264,59565300,2026-07-29 05:52:48.140356+00:00
13-11-2020,136.9499969,137.5099945,133.886673,136.1666718,136.1666718,59313300,2026-07-29 05:52:48.140356+00:00
16-11-2020,136.3099976,137.4833374,134.6966705,136.0299988,136.0299988,80515800,2026-07-29 05:52:48.140356+00:00
17-11-2020,153.3899994,154.0,144.3366699,147.2033386,147.2033386,183564900,2026-07-29 05:52:48.140356+00:00
18-11-2020,149.4499969,165.3333282,147.8333282,162.2133331,162.2133331,234132000,2026-07-29 05:52:48.140356+00:00
19-11-2020,164.0,169.5366669,162.5233307,166.4233398,166.4233398,187425900,2026-07-29 05:52:48.140356+00:00
20-11-2020,165.9966736,167.5,163.0200043,163.2033386,163.2033386,98735700,2026-07-29 05:52:48.140356+00:00
23-11-2020,167.8333282,175.3333282,167.2633362,173.9499969,173.9499969,150780900,2026-07-29 05:52:48.140356+00:00
24-11-2020,180.1333313,186.6633301,175.3999939,185.1266632,185.1266632,160945500,2026-07-29 05:52:48.140356+00:00
25-11-2020,183.3533325,191.3333282,181.7899933,191.3333282,191.3333282,146790600,2026-07-29 05:52:48.140356+00:00
27-11-2020,193.7200012,199.593338,192.8166656,195.2533264,195.2533264,112683300,2026-07-29 05:52:48.140356+00:00
30-11-2020,200.7366638,202.6000061,184.8366699,189.1999969,189.1999969,189009300,2026-07-29 05:52:48.140356+00:00
01-12-2020,199.1966705,199.2833405,190.6833344,194.9199982,194.9199982,120310500,2026-07-29 05:52:48.140356+00:00
02-12-2020,185.4799957,190.5133362,180.4033356,189.6066742,189.6066742,143327100,2026-07-29 05:52:48.140356+00:00
03-12-2020,196.6733398,199.656662,194.1433258,197.793335,197.793335,127656000,2026-07-29 05:52:48.140356+00:00
04-12-2020,197.0033264,199.6799927,195.1666718,199.6799927,199.6799927,88203900,2026-07-29 05:52:48.140356+00:00
07-12-2020,201.6399994,216.2633362,201.0166626,213.9199982,213.9199982,168929100,2026-07-29 05:52:48.140356+00:00
08-12-2020,208.5033264,217.093338,206.1666718,216.6266632,216.6266632,192795000,2026-07-29 05:52:48.140356+00:00
09-12-2020,217.8966675,218.1066742,196.0,201.4933319,201.4933319,213873600,2026-07-29 05:52:48.140356+00:00
10-12-2020,191.456665,209.25,188.7799988,209.0233307,209.0233307,201249600,2026-07-29 05:52:48.140356+00:00
11-12-2020,205.0033264,208.0,198.9333344,203.3300018,203.3300018,139425000,2026-07-29 05:52:48.140356+00:00
14-12-2020,206.3333282,214.25,203.3999939,213.2766724,213.2766724,156121800,2026-07-29 05:52:48.140356+00:00
15-12-2020,214.4266663,215.6333313,207.9333344,211.0833282,211.0833282,135214500,2026-07-29 05:52:48.140356+00:00
16-12-2020,209.4100037,210.8333282,201.6666718,207.5899963,207.5899963,126287400,2026-07-29 05:52:48.140356+00:00
17-12-2020,209.3966675,219.6066742,206.5,218.6333313,218.6333313,168810300,2026-07-29 05:52:48.140356+00:00
18-12-2020,222.9666595,231.6666718,209.5133362,231.6666718,231.6666718,666378600,2026-07-29 05:52:48.140356+00:00
21-12-2020,222.0800018,222.8333282,215.3566742,216.6199951,216.6199951,174135900,2026-07-29 05:52:48.140356+00:00
22-12-2020,216.0,216.6266632,204.7433319,213.4466705,213.4466705,155148000,2026-07-29 05:52:48.140356+00:00
23-12-2020,210.7333374,217.1666718,207.5233307,215.3266602,215.3266602,99519000,2026-07-29 05:52:48.140356+00:00
24-12-2020,214.3300018,222.0299988,213.6666718,220.5899963,220.5899963,68596800,2026-07-29 05:52:48.140356+00:00
28-12-2020,224.8366699,227.1333313,220.2666626,221.2299957,221.2299957,96835800,2026-07-29 05:52:48.140356+00:00
29-12-2020,220.3333282,223.3000031,218.3333282,221.9966736,221.9966736,68732400,2026-07-29 05:52:48.140356+00:00
30-12-2020,224.0,232.1999969,222.7866669,231.593338,231.593338,128538000,2026-07-29 05:52:48.140356+00:00
31-12-2020,233.3300018,239.5733337,230.3733368,235.2233276,235.2233276,148949700,2026-07-29 05:52:48.140356+00:00
04-01-2021,239.8200073,248.1633301,239.0633392,243.2566681,243.2566681,145914600,2026-07-29 05:52:48.140356+00:00
05-01-2021,241.2200012,246.9466705,239.7333374,245.0366669,245.0366669,96735600,2026-07-29 05:52:48.140356+00:00
06-01-2021,252.8300018,258.0,249.6999969,251.9933319,251.9933319,134100000,2026-07-29 05:52:48.140356+00:00
07-01-2021,259.2099915,272.3299866,258.3999939,272.0133362,272.0133362,154496700,2026-07-29 05:52:48.140356+00:00
08-01-2021,285.3333435,294.8299866,279.4633179,293.3399963,293.3399963,225166500,2026-07-29 05:52:48.140356+00:00
11-01-2021,283.1333313,284.8099976,267.8733215,270.3966675,270.3966675,177904800,2026-07-29 05:52:48.140356+00:00
12-01-2021,277.0,289.3333435,275.7799988,283.1466675,283.1466675,138812100,2026-07-29 05:52:48.140356+00:00
13-01-2021,284.2533264,286.8233337,277.3333435,284.8033447,284.8033447,99937500,2026-07-29 05:52:48.140356+00:00
14-01-2021,281.1300049,287.6666565,279.5833435,281.6666565,281.6666565,93798900,2026-07-29 05:52:48.140356+00:00
15-01-2021,284.0,286.6333313,273.0333252,275.3866577,275.3866577,116332800,2026-07-29 05:52:48.140356+00:00
19-01-2021,279.2666626,283.3333435,277.6666565,281.5166626,281.5166626,76101000,2026-07-29 05:52:48.140356+00:00
20-01-2021,286.2466736,286.5,279.0933228,283.4833374,283.4833374,76997700,2026-07-29 05:52:48.140356+00:00
21-01-2021,285.0,285.2399902,280.4733276,281.6633301,281.6633301,61563300,2026-07-29 05:52:48.140356+00:00
22-01-2021,278.1033325,282.6666565,276.206665,282.2133179,282.2133179,60199500,2026-07-29 05:52:48.140356+00:00
25-01-2021,285.0,300.1333313,279.6066589,293.6000061,293.6000061,123520200,2026-07-29 05:52:48.140356+00:00
26-01-2021,297.1266785,298.6333313,290.5333252,294.3633423,294.3633423,69394800,2026-07-29 05:52:48.140356+00:00
27-01-2021,290.1166687,297.1666565,286.2200012,288.0533447,288.0533447,82002000,2026-07-29 05:52:48.140356+00:00
28-01-2021,273.3333435,282.6666565,267.0,278.4766541,278.4766541,79134000,2026-07-29 05:52:48.140356+00:00
29-01-2021,276.6666565,280.8033447,260.0333252,264.5100098,264.5100098,104972400,2026-07-29 05:52:48.140356+00:00
01-02-2021,271.4299927,280.6666565,265.186676,279.936676,279.936676,76174200,2026-07-29 05:52:48.140356+00:00
02-02-2021,281.5599976,293.5,280.7333374,290.9299927,290.9299927,73038600,2026-07-29 05:52:48.140356+00:00
03-02-2021,292.3399963,292.6933289,284.3533325,284.8966675,284.8966675,55030500,2026-07-29 05:52:48.140356+00:00
04-02-2021,285.0,285.5,277.8066711,283.3299866,283.3299866,47438100,2026-07-29 05:52:48.140356+00:00
05-02-2021,281.6666565,288.2566528,279.6566772,284.0766602,284.0766602,55699800,2026-07-29 05:52:48.140356+00:00
08-02-2021,289.8900146,292.5899963,284.9166565,287.8066711,287.8066711,60485100,2026-07-29 05:52:48.140356+00:00
09-02-2021,285.0400085,286.6000061,280.5833435,283.1533203,283.1533203,45473100,2026-07-29 05:52:48.140356+00:00
10-02-2021,281.2133179,281.6066589,266.6733398,268.2733459,268.2733459,108648300,2026-07-29 05:52:48.140356+00:00
11-02-2021,270.813324,276.6266785,267.2433472,270.5533447,270.5533447,64868400,2026-07-29 05:52:48.140356+00:00
12-02-2021,267.0866699,272.4433289,261.7766724,272.0400085,272.0400085,71304900,2026-07-29 05:52:48.140356+00:00
16-02-2021,272.6666565,273.6666565,264.1466675,265.4066772,265.4066772,59406900,2026-07-29 05:52:48.140356+00:00
17-02-2021,259.6966553,266.6133423,254.0033264,266.0499878,266.0499878,77989500,2026-07-29 05:52:48.140356+00:00
18-02-2021,260.2999878,264.8966675,258.7566528,262.4599915,262.4599915,53871300,2026-07-29 05:52:48.140356+00:00
19-02-2021,265.0,265.5966797,259.1233215,260.4333191,260.4333191,56874900,2026-07-29 05:52:48.140356+00:00
22-02-2021,254.2133331,256.1666565,236.7333374,238.1666718,238.1666718,111809100,2026-07-29 05:52:48.140356+00:00
23-02-2021,220.7100067,237.8699951,206.3333282,232.9466705,232.9466705,199820700,2026-07-29 05:52:48.140356+00:00
24-02-2021,237.2833405,248.3333282,231.3899994,247.3399963,247.3399963,110301000,2026-07-29 05:52:48.140356+00:00
25-02-2021,242.0500031,245.7366638,223.5266724,227.406662,227.406662,117071700,2026-07-29 05:52:48.140356+00:00
26-02-2021,233.3333282,235.5666656,219.8366699,225.1666718,225.1666718,123267600,2026-07-29 05:52:48.140356+00:00
01-03-2021,230.0366669,239.6666718,228.3500061,239.4766693,239.4766693,81408600,2026-07-29 05:52:48.140356+00:00
02-03-2021,239.4266663,240.3699951,228.3333282,228.8133392,228.8133392,71196600,2026-07-29 05:52:48.140356+00:00
03-03-2021,229.3300018,233.5666656,217.2366638,217.7333374,217.7333374,90624000,2026-07-29 05:52:48.140356+00:00
04-03-2021,218.6000061,222.8166656,200.0,207.1466675,207.1466675,197758500,2026-07-29 05:52:48.140356+00:00
05-03-2021,208.6866608,209.2799988,179.8300018,199.3166656,199.3166656,268189500,2026-07-29 05:52:48.140356+00:00
08-03-2021,200.1833344,206.7100067,186.2633362,187.6666718,187.6666718,155361000,2026-07-29 05:52:48.140356+00:00
09-03-2021,202.7266693,226.0299988,198.4033356,224.5266724,224.5266724,202569900,2026-07-29 05:52:48.140356+00:00
10-03-2021,233.4333344,239.2833405,218.3533325,222.6866608,222.6866608,181817100,2026-07-29 05:52:48.140356+00:00
11-03-2021,233.1333313,234.1666718,225.7266693,233.1999969,233.1999969,108761700,2026-07-29 05:52:48.140356+00:00
12-03-2021,223.3333282,231.6266632,222.0466614,231.2433319,231.2433319,100751400,2026-07-29 05:52:48.140356+00:00
15-03-2021,231.363327,237.7266693,228.0133362,235.9799957,235.9799957,88006800,2026-07-29 05:52:48.140356+00:00
16-03-2021,234.4499969,235.9733276,223.6666718,225.6266632,225.6266632,96587100,2026-07-29 05:52:48.140356+00:00
17-03-2021,218.956665,234.5766602,217.0033264,233.9366608,233.9366608,121117500,2026-07-29 05:52:48.140356+00:00
18-03-2021,228.0966644,229.7433319,217.3333282,217.7200012,217.7200012,99674400,2026-07-29 05:52:48.140356+00:00
19-03-2021,215.5333405,219.0766602,208.206665,218.2899933,218.2899933,128682000,2026-07-29 05:52:48.140356+00:00
22-03-2021,228.1966705,233.206665,222.9166718,223.3333282,223.3333282,118536600,2026-07-29 05:52:48.140356+00:00
23-03-2021,225.2566681,225.9333344,219.1699982,220.7200012,220.7200012,91475700,2026-07-29 05:52:48.140356+00:00
24-03-2021,222.636673,222.6733398,210.0366669,210.0899963,210.0899963,101385600,2026-07-29 05:52:48.140356+00:00
25-03-2021,204.3333282,215.1666718,203.1666718,213.4633331,213.4633331,117674700,2026-07-29 05:52:48.140356+00:00
26-03-2021,213.956665,214.6066742,199.9633331,206.2366638,206.2366638,101558400,2026-07-29 05:52:48.140356+00:00
29-03-2021,205.2133331,205.4933319,198.6733398,203.7633362,203.7633362,85911000,2026-07-29 05:52:48.140356+00:00
30-03-2021,200.5833282,212.5533295,197.0033264,211.8733368,211.8733368,118297200,2026-07-29 05:52:48.140356+00:00
31-03-2021,215.5399933,224.0,213.7033386,222.6433258,222.6433258,100011900,2026-07-29 05:52:48.140356+00:00
01-04-2021,229.456665,230.8066711,219.8066711,220.5833282,220.5833282,105895200,2026-07-29 05:52:48.140356+00:00
05-04-2021,235.9033356,236.0533295,228.2333374,230.3500061,230.3500061,125528400,2026-07-29 05:52:48.140356+00:00
06-04-2021,230.1000061,232.1833344,227.1233368,230.5399933,230.5399933,84815400,2026-07-29 05:52:48.140356+00:00
07-04-2021,229.0,230.4600067,222.613327,223.656662,223.656662,78928200,2026-07-29 05:52:48.140356+00:00
08-04-2021,225.793335,229.8500061,223.8833313,227.9333344,227.9333344,71772900,2026-07-29 05:52:48.140356+00:00
09-04-2021,225.9233398,226.9900055,223.1433258,225.6733398,225.6733398,64311300,2026-07-29 05:52:48.140356+00:00
12-04-2021,228.5666656,234.9333344,227.363327,233.9933319,233.9933319,87407100,2026-07-29 05:52:48.140356+00:00
13-04-2021,237.5666656,254.3333282,236.886673,254.1066742,254.1066742,133958400,2026-07-29 05:52:48.140356+00:00
14-04-2021,256.8999939,260.2633362,242.6766663,244.0766602,244.0766602,147052200,2026-07-29 05:52:48.140356+00:00
15-04-2021,247.6999969,247.8966675,240.4366608,246.2833405,246.2833405,83546700,2026-07-29 05:52:48.140356+00:00
16-04-2021,242.8833313,249.8033295,241.5333405,246.593338,246.593338,83938500,2026-07-29 05:52:48.140356+00:00
19-04-2021,239.8666687,241.8000031,230.6000061,238.2100067,238.2100067,119058600,2026-07-29 05:52:48.140356+00:00
20-04-2021,239.1399994,245.75,236.8966675,239.6633301,239.6633301,106827000,2026-07-29 05:52:48.140356+00:00
21-04-2021,234.9233398,248.2799988,232.6666718,248.0399933,248.0399933,93646500,2026-07-29 05:52:48.140356+00:00
22-04-2021,247.1666718,251.2566681,239.3466644,239.8966675,239.8966675,106770900,2026-07-29 05:52:48.140356+00:00
23-04-2021,239.9333344,245.7866669,238.4866638,243.1333313,243.1333313,85110000,2026-07-29 05:52:48.140356+00:00
26-04-2021,247.0,249.7666626,244.2033386,246.0666656,246.0666656,93115500,2026-07-29 05:52:48.140356+00:00
27-04-2021,239.3200073,241.3333282,234.4499969,234.9133301,234.9133301,88311000,2026-07-29 05:52:48.140356+00:00
28-04-2021,232.136673,236.1666718,231.1999969,231.4666595,231.4666595,66813000,2026-07-29 05:52:48.140356+00:00
29-04-2021,233.1699982,234.0833282,222.8333282,225.6666718,225.6666718,86536200,2026-07-29 05:52:48.140356+00:00
30-04-2021,222.5299988,238.4900055,222.0466614,236.4799957,236.4799957,122276100,2026-07-29 05:52:48.140356+00:00
03-05-2021,234.6000061,235.3333282,226.8333282,228.3000031,228.3000031,81129300,2026-07-29 05:52:48.140356+00:00
04-05-2021,226.3133392,227.8166656,219.2333374,224.5333405,224.5333405,89217900,2026-07-29 05:52:48.140356+00:00
05-05-2021,227.0200043,228.4333344,222.4466705,223.6466675,223.6466675,65705700,2026-07-29 05:52:48.140356+00:00
06-05-2021,226.9199982,227.0066681,216.6666718,221.1799927,221.1799927,83353800,2026-07-29 05:52:48.140356+00:00
07-05-2021,221.9333344,230.0,220.0733337,224.1233368,224.1233368,70407600,2026-07-29 05:52:48.140356+00:00
10-05-2021,221.6333313,221.6833344,209.2033386,209.6799927,209.6799927,94177200,2026-07-29 05:52:48.140356+00:00
11-05-2021,199.7466736,209.0333405,198.5333405,205.7333374,205.7333374,139511700,2026-07-29 05:52:48.140356+00:00
12-05-2021,200.8300018,206.8033295,195.5899963,196.6300049,196.6300049,101470800,2026-07-29 05:52:48.140356+00:00
13-05-2021,200.5133362,202.1533356,186.5500031,190.5633392,190.5633392,132554700,2026-07-29 05:52:48.140356+00:00
14-05-2021,194.4700012,197.6233368,190.1533356,196.5800018,196.5800018,100112700,2026-07-29 05:52:48.140356+00:00
17-05-2021,191.8500061,196.5766602,187.0666656,192.2766724,192.2766724,97171200,2026-07-29 05:52:48.140356+00:00
18-05-2021,189.3333282,198.75,187.793335,192.6233368,192.6233368,110491800,2026-07-29 05:52:48.140356+00:00
19-05-2021,184.1833344,188.7366638,182.3266602,187.8200073,187.8200073,118735200,2026-07-29 05:52:48.140356+00:00
20-05-2021,191.6666718,196.2833405,190.3566742,195.593338,195.593338,92463300,2026-07-29 05:52:48.140356+00:00
21-05-2021,198.7033386,198.8933258,193.3333282,193.6266632,193.6266632,78091800,2026-07-29 05:52:48.140356+00:00
24-05-2021,193.8666687,204.8266602,191.2166595,202.1466675,202.1466675,103674300,2026-07-29 05:52:48.140356+00:00
25-05-2021,202.4366608,204.6633301,198.5700073,201.5633392,201.5633392,84017700,2026-07-29 05:52:48.140356+00:00
26-05-2021,202.5200043,208.7233276,200.5,206.3766632,206.3766632,85917900,2026-07-29 05:52:48.140356+00:00
27-05-2021,206.7466736,210.3766632,205.4033356,210.2833405,210.2833405,79111800,2026-07-29 05:52:48.140356+00:00
28-05-2021,209.5,211.863327,207.4600067,208.406662,208.406662,68211000,2026-07-29 05:52:48.140356+00:00
01-06-2021,209.2666626,211.2666626,206.8500061,207.9666595,207.9666595,54254700,2026-07-29 05:52:48.140356+00:00
02-06-2021,206.7100067,207.7866669,199.7133331,201.706665,201.706665,69908400,2026-07-29 05:52:48.140356+00:00
03-06-2021,200.6000061,201.5166626,190.406662,190.9466705,190.9466705,90335700,2026-07-29 05:52:48.140356+00:00
04-06-2021,193.2366638,200.2033386,192.3999939,199.6833344,199.6833344,72110700,2026-07-29 05:52:48.140356+00:00
07-06-2021,197.2766724,203.3333282,194.293335,201.7100067,201.7100067,67631100,2026-07-29 05:52:48.140356+00:00
08-06-2021,207.6699982,207.6966705,198.5,201.1966705,201.1966705,78160200,2026-07-29 05:52:48.140356+00:00
09-06-2021,200.7233276,203.9299927,199.2100067,199.593338,199.593338,49753800,2026-07-29 05:52:48.140356+00:00
10-06-2021,201.293335,205.5299988,200.1666718,203.3733368,203.3733368,71758800,2026-07-29 05:52:48.140356+00:00
11-06-2021,203.4100037,204.1866608,200.5066681,203.2966614,203.2966614,48615900,2026-07-29 05:52:48.140356+00:00
14-06-2021,204.0766602,208.4966736,203.0599976,205.8966675,205.8966675,61272000,2026-07-29 05:52:48.140356+00:00
15-06-2021,205.5633392,205.5966644,199.4100037,199.7866669,199.7866669,53292300,2026-07-29 05:52:48.140356+00:00
16-06-2021,199.1799927,202.8333282,197.8333282,201.6233368,201.6233368,66432300,2026-07-29 05:52:48.140356+00:00
17-06-2021,200.6300049,207.156662,200.4466705,205.5333405,205.5333405,68104200,2026-07-29 05:52:48.140356+00:00
18-06-2021,204.456665,209.4499969,203.9333344,207.7700043,207.7700043,73682700,2026-07-29 05:52:48.140356+00:00
21-06-2021,208.1600037,210.4633331,202.9600067,206.9433289,206.9433289,74438100,2026-07-29 05:52:48.140356+00:00
22-06-2021,206.0833282,209.5233307,205.1666718,207.9033356,207.9033356,57476700,2026-07-29 05:52:48.140356+00:00
23-06-2021,210.6666718,219.0666656,210.0133362,218.8566742,218.8566742,93297600,2026-07-29 05:52:48.140356+00:00
24-06-2021,224.9966736,232.5399933,222.5366669,226.6066742,226.6066742,137947200,2026-07-29 05:52:48.140356+00:00
25-06-2021,229.8600006,231.2700043,222.8999939,223.956665,223.956665,97490100,2026-07-29 05:52:48.140356+00:00
28-06-2021,223.8800049,231.5666656,223.4400024,229.5733337,229.5733337,64884600,2026-07-29 05:52:48.140356+00:00
29-06-2021,228.2166595,229.1699982,225.2966614,226.9199982,226.9199982,52143900,2026-07-29 05:52:48.140356+00:00
30-06-2021,226.5899963,230.9366608,226.0466614,226.5666656,226.5666656,56774700,2026-07-29 05:52:48.140356+00:00
01-07-2021,227.9733276,229.3300018,224.2666626,225.9733276,225.9733276,55903500,2026-07-29 05:52:48.140356+00:00
02-07-2021,226.3266602,233.3333282,224.4199982,226.3000031,226.3000031,81163500,2026-07-29 05:52:48.140356+00:00
06-07-2021,227.2366638,228.0,217.1333313,219.8600006,219.8600006,69853500,2026-07-29 05:52:48.140356+00:00
07-07-2021,221.4233398,221.8999939,212.7733307,214.8833313,214.8833313,56376000,2026-07-29 05:52:48.140356+00:00
08-07-2021,209.456665,218.1433258,206.8200073,217.6033325,217.6033325,68319900,2026-07-29 05:52:48.140356+00:00
09-07-2021,217.7266693,219.636673,214.8966675,218.9833374,218.9833374,54421500,2026-07-29 05:52:48.140356+00:00
12-07-2021,220.7333374,229.0800018,220.7200012,228.5666656,228.5666656,77781000,2026-07-29 05:52:48.140356+00:00
13-07-2021,228.7733307,231.093338,222.1000061,222.8466644,222.8466644,62898300,2026-07-29 05:52:48.140356+00:00
14-07-2021,223.5833282,226.2033386,217.613327,217.793335,217.793335,64923600,2026-07-29 05:52:48.140356+00:00
15-07-2021,219.4633331,222.0466614,212.6266632,216.8666687,216.8666687,60628800,2026-07-29 05:52:48.140356+00:00
16-07-2021,218.2266693,218.8999939,214.0666656,214.7400055,214.7400055,49113000,2026-07-29 05:52:48.140356+00:00
19-07-2021,209.9633331,215.7333374,207.0966644,215.406662,215.406662,63891300,2026-07-29 05:52:48.140356+00:00
20-07-2021,217.3300018,220.7966614,213.5,220.1666718,220.1666718,46461300,2026-07-29 05:52:48.140356+00:00
21-07-2021,219.8699951,221.6199951,216.7633362,218.4299927,218.4299927,41859900,2026-07-29 05:52:48.140356+00:00
22-07-2021,218.8133392,220.7233276,214.8666687,216.4199982,216.4199982,45317100,2026-07-29 05:52:48.140356+00:00
23-07-2021,215.4533386,216.2666626,212.4333344,214.4600067,214.4600067,43814700,2026-07-29 05:52:48.140356+00:00
26-07-2021,216.9900055,222.7333374,215.7033386,219.206665,219.206665,76009800,2026-07-29 05:52:48.140356+00:00
27-07-2021,221.1333313,222.1666718,209.0800018,214.9266663,214.9266663,98439900,2026-07-29 05:52:48.140356+00:00
28-07-2021,215.6666718,218.3233337,213.1333313,215.6600037,215.6600037,48019800,2026-07-29 05:52:48.140356+00:00
29-07-2021,216.5966644,227.8966675,216.2666626,225.7833405,225.7833405,91183800,2026-07-29 05:52:48.140356+00:00
30-07-2021,223.9199982,232.5099945,223.0,229.0666656,229.0666656,88969200,2026-07-29 05:52:48.140356+00:00
02-08-2021,233.3333282,242.3133392,232.8000031,236.5566711,236.5566711,100847400,2026-07-29 05:52:48.140356+00:00
03-08-2021,239.6666718,240.8833313,233.6699982,236.5800018,236.5800018,64860900,2026-07-29 05:52:48.140356+00:00
04-08-2021,237.0,241.6333313,236.3099976,236.9733276,236.9733276,51007800,2026-07-29 05:52:48.140356+00:00
05-08-2021,238.6666718,240.3166656,237.136673,238.2100067,238.2100067,38758800,2026-07-29 05:52:48.140356+00:00
06-08-2021,237.3000031,238.7766724,232.543335,233.0333405,233.0333405,46869000,2026-07-29 05:52:48.140356+00:00
09-08-2021,236.7233276,239.6766663,235.043335,237.9199982,237.9199982,44145900,2026-07-29 05:52:48.140356+00:00
10-08-2021,237.9966736,238.863327,233.9600067,236.6633301,236.6633301,40296900,2026-07-29 05:52:48.140356+00:00
11-08-2021,237.5700073,238.3933258,234.7366638,235.9400024,235.9400024,29401800,2026-07-29 05:52:48.140356+00:00
12-08-2021,235.4466705,240.9333344,233.1333313,240.75,240.75,52377300,2026-07-29 05:52:48.140356+00:00
13-08-2021,241.2366638,243.3000031,238.113327,239.0566711,239.0566711,50194500,2026-07-29 05:52:48.140356+00:00
16-08-2021,235.0233307,236.5,225.4666595,228.7233276,228.7233276,68032200,2026-07-29 05:52:48.140356+00:00
17-08-2021,224.2200012,224.8600006,216.2799988,221.9033356,221.9033356,71163900,2026-07-29 05:52:48.140356+00:00
18-08-2021,223.25,231.9233398,223.1166687,229.6633301,229.6633301,61048200,2026-07-29 05:52:48.140356+00:00
19-08-2021,226.0700073,228.8500061,222.5299988,224.4900055,224.4900055,42940500,2026-07-29 05:52:48.140356+00:00
20-08-2021,227.6166687,230.7100067,224.5666656,226.7533264,226.7533264,44525700,2026-07-29 05:52:48.140356+00:00
23-08-2021,228.4799957,237.3766632,226.9166718,235.4333344,235.4333344,60794700,2026-07-29 05:52:48.140356+00:00
24-08-2021,236.8933258,238.406662,234.2133331,236.1633301,236.1633301,39249300,2026-07-29 05:52:48.140356+00:00
25-08-2021,235.6766663,238.9900055,234.6666718,237.0666656,237.0666656,37936800,2026-07-29 05:52:48.140356+00:00
26-08-2021,236.1033325,238.4666595,232.5399933,233.7200012,233.7200012,39642900,2026-07-29 05:52:48.140356+00:00
27-08-2021,235.0,238.3333282,234.0333405,237.3066711,237.3066711,41501400,2026-07-29 05:52:48.140356+00:00
30-08-2021,238.2400055,243.6666718,237.5766602,243.636673,243.636673,55812600,2026-07-29 05:52:48.140356+00:00
31-08-2021,244.3333282,246.7966614,242.1466675,245.2400055,245.2400055,62566200,2026-07-29 05:52:48.140356+00:00
01-09-2021,244.6933289,247.3300018,243.7566681,244.6966705,244.6966705,39612900,2026-07-29 05:52:48.140356+00:00
02-09-2021,244.8333282,246.9900055,243.5133362,244.1300049,244.1300049,38331900,2026-07-29 05:52:48.140356+00:00
03-09-2021,244.0833282,244.6666718,241.3999939,244.5233307,244.5233307,45738300,2026-07-29 05:52:48.140356+00:00
07-09-2021,246.6666718,253.3999939,246.4199982,250.9733276,250.9733276,60119400,2026-07-29 05:52:48.140356+00:00
08-09-2021,253.8600006,254.8166656,246.9233398,251.2899933,251.2899933,56379000,2026-07-29 05:52:48.140356+00:00
09-09-2021,251.136673,254.0333405,250.543335,251.6199951,251.6199951,42233100,2026-07-29 05:52:48.140356+00:00
10-09-2021,253.1999969,254.2033386,244.8399963,245.4233398,245.4233398,45552600,2026-07-29 05:52:48.140356+00:00
13-09-2021,246.7366638,248.2599945,236.2833405,247.6666718,247.6666718,68857500,2026-07-29 05:52:48.140356+00:00
14-09-2021,247.5233307,251.4900055,245.4666595,248.1633301,248.1633301,55574700,2026-07-29 05:52:48.140356+00:00
15-09-2021,248.3333282,252.2866669,246.1199951,251.9433289,251.9433289,46073100,2026-07-29 05:52:48.140356+00:00
16-09-2021,250.9433289,252.9700012,249.2033386,252.3300018,252.3300018,41770200,2026-07-29 05:52:48.140356+00:00
17-09-2021,252.3833313,253.6799927,250.0,253.1633301,253.1633301,84612600,2026-07-29 05:52:48.140356+00:00
20-09-2021,244.8533325,247.3333282,239.5399933,243.3899994,243.3899994,74273100,2026-07-29 05:52:48.140356+00:00
21-09-2021,244.9299927,248.2466736,243.4799957,246.4600067,246.4600067,48992100,2026-07-29 05:52:48.140356+00:00
22-09-2021,247.843338,251.2233276,246.3733368,250.6466675,250.6466675,45378900,2026-07-29 05:52:48.140356+00:00
23-09-2021,251.6666718,252.7333374,249.3066711,251.2133331,251.2133331,35842500,2026-07-29 05:52:48.140356+00:00
24-09-2021,248.6300049,258.2666626,248.1866608,258.1300049,258.1300049,64119000,2026-07-29 05:52:48.140356+00:00
27-09-2021,257.706665,266.3333435,256.436676,263.7866821,263.7866821,84212100,2026-07-29 05:52:48.140356+00:00
28-09-2021,262.3999939,265.2133179,255.3933258,259.186676,259.186676,76144200,2026-07-29 05:52:48.140356+00:00
29-09-2021,259.9333191,264.5,256.8933411,260.436676,260.436676,62828700,2026-07-29 05:52:48.140356+00:00
30-09-2021,260.3333435,263.043335,258.3333435,258.4933472,258.4933472,53868000,2026-07-29 05:52:48.140356+00:00
01-10-2021,259.4666748,260.2600098,254.5299988,258.4066772,258.4066772,51094200,2026-07-29 05:52:48.140356+00:00
04-10-2021,265.5,268.9899902,258.706665,260.5100098,260.5100098,91449900,2026-07-29 05:52:48.140356+00:00
05-10-2021,261.6000061,265.769989,258.0666809,260.1966553,260.1966553,55297800,2026-07-29 05:52:48.140356+00:00
06-10-2021,258.7333374,262.2200012,257.7399902,260.9166565,260.9166565,43898400,2026-07-29 05:52:48.140356+00:00
07-10-2021,261.8200073,268.3333435,261.1266785,264.5366821,264.5366821,57587400,2026-07-29 05:52:48.140356+00:00
08-10-2021,265.4033203,265.4599915,260.3033447,261.8299866,261.8299866,50215800,2026-07-29 05:52:48.140356+00:00
11-10-2021,262.5499878,267.0799866,261.8333435,263.980011,263.980011,42600900,2026-07-29 05:52:48.140356+00:00
12-10-2021,266.9766541,270.7733459,265.5233459,268.5733337,268.5733337,66060000,2026-07-29 05:52:48.140356+00:00
13-10-2021,270.1566772,271.8033447,268.5933228,270.3599854,270.3599854,42360300,2026-07-29 05:52:48.140356+00:00
14-10-2021,271.8299866,273.4166565,271.1166687,272.7733459,272.7733459,36741600,2026-07-29 05:52:48.140356+00:00
15-10-2021,274.5799866,281.0700073,274.1166687,281.0100098,281.0100098,56773800,2026-07-29 05:52:48.140356+00:00
18-10-2021,283.9299927,291.7533264,283.8233337,290.0366821,290.0366821,72621600,2026-07-29 05:52:48.140356+00:00
19-10-2021,292.5100098,292.6499939,287.5033264,288.0899963,288.0899963,52143300,2026-07-29 05:52:48.140356+00:00
20-10-2021,288.4500122,289.8299866,285.793335,288.6000061,288.6000061,42096300,2026-07-29 05:52:48.140356+00:00
21-10-2021,285.3333435,300.0,285.1666565,298.0,298.0,94444500,2026-07-29 05:52:48.140356+00:00
22-10-2021,298.5,303.3333435,296.9866638,303.2266541,303.2266541,68642400,2026-07-29 05:52:48.140356+00:00
25-10-2021,316.8433228,348.3399963,314.7333374,341.6199951,341.6199951,188556300,2026-07-29 05:52:48.140356+00:00
26-10-2021,341.563324,364.980011,333.813324,339.4766541,339.4766541,187245000,2026-07-29 05:52:48.140356+00:00
27-10-2021,346.5533447,356.9599915,343.5933228,345.9533386,345.9533386,115579500,2026-07-29 05:52:48.140356+00:00
28-10-2021,356.1033325,360.3333435,351.3999939,359.0133362,359.0133362,81639600,2026-07-29 05:52:48.140356+00:00
29-10-2021,360.6199951,371.7366638,357.7366638,371.3333435,371.3333435,89755200,2026-07-29 05:52:48.140356+00:00
01-11-2021,381.6666565,403.25,372.8866577,402.8633423,402.8633423,168146100,2026-07-29 05:52:48.140356+00:00
02-11-2021,386.4533386,402.8633423,382.0,390.6666565,390.6666565,128213400,2026-07-29 05:52:48.140356+00:00
03-11-2021,392.4433289,405.1300049,384.206665,404.6199951,404.6199951,103885500,2026-07-29 05:52:48.140356+00:00
04-11-2021,411.4700012,414.4966736,405.6666565,409.9700012,409.9700012,76192200,2026-07-29 05:52:48.140356+00:00
05-11-2021,409.3333435,413.2900085,402.6666565,407.3633423,407.3633423,64886400,2026-07-29 05:52:48.140356+00:00
08-11-2021,383.2633362,399.0,377.6666565,387.6466675,387.6466675,100337100,2026-07-29 05:52:48.140356+00:00
09-11-2021,391.2000122,391.5,337.1733398,341.1666565,341.1666565,177317400,2026-07-29 05:52:48.140356+00:00
10-11-2021,336.8033447,359.3666687,329.1033325,355.9833374,355.9833374,128408100,2026-07-29 05:52:48.140356+00:00
11-11-2021,367.5899963,368.3233337,351.5599976,354.5033264,354.5033264,67189800,2026-07-29 05:52:48.140356+00:00
12-11-2021,349.1666565,351.5,339.7333374,344.4733276,344.4733276,76719300,2026-07-29 05:52:48.140356+00:00
15-11-2021,339.2099915,343.9933472,326.2000122,337.7966614,337.7966614,104326800,2026-07-29 05:52:48.140356+00:00
16-11-2021,334.436676,352.3999939,334.0599976,351.5766602,351.5766602,79627200,2026-07-29 05:52:48.140356+00:00
17-11-2021,354.5033264,373.2133179,351.8333435,363.0033264,363.0033264,94336200,2026-07-29 05:52:48.140356+00:00
18-11-2021,368.8500061,370.6666565,358.3399963,365.4599915,365.4599915,62696700,2026-07-29 05:52:48.140356+00:00
19-11-2021,366.2900085,379.5733337,364.2333374,379.019989,379.019989,64926900,2026-07-29 05:52:48.140356+00:00
22-11-2021,387.4433289,400.6499939,377.4766541,385.6233215,385.6233215,99217500,2026-07-29 05:52:48.140356+00:00
23-11-2021,389.1700134,393.5,354.2333374,369.6766663,369.6766663,108515100,2026-07-29 05:52:48.140356+00:00
24-11-2021,360.1300049,377.5899963,354.0,372.0,372.0,67680600,2026-07-29 05:52:48.140356+00:00
26-11-2021,366.4899902,369.5933228,360.3333435,360.6400146,360.6400146,35042700,2026-07-29 05:52:48.140356+00:00
29-11-2021,366.9966736,380.8900146,366.730011,378.9966736,378.9966736,58393500,2026-07-29 05:52:48.140356+00:00
30-11-2021,381.456665,389.3333435,372.6666565,381.5866699,381.5866699,81276000,2026-07-29 05:52:48.140356+00:00
01-12-2021,386.8999939,390.9466553,363.5866699,365.0,365.0,68450400,2026-07-29 05:52:48.140356+00:00
02-12-2021,366.3533325,371.0,352.2166748,361.5333252,361.5333252,73114800,2026-07-29 05:52:48.140356+00:00
03-12-2021,361.5966797,363.5266724,333.4033203,338.3233337,338.3233337,92322000,2026-07-29 05:52:48.140356+00:00
06-12-2021,333.8366699,340.5466614,316.8333435,336.3366699,336.3366699,81663000,2026-07-29 05:52:48.140356+00:00
07-12-2021,348.0666809,352.5566711,342.269989,350.5833435,350.5833435,56084700,2026-07-29 05:52:48.140356+00:00
08-12-2021,350.9033203,357.4599915,344.3333435,356.3200073,356.3200073,41906400,2026-07-29 05:52:48.140356+00:00
09-12-2021,353.5466614,354.1633301,334.1199951,334.6000061,334.6000061,59438400,2026-07-29 05:52:48.140356+00:00
10-12-2021,336.25,340.3266602,327.5100098,339.0100098,339.0100098,59664300,2026-07-29 05:52:48.140356+00:00
13-12-2021,333.6966553,335.0,317.1400146,322.1366577,322.1366577,78595500,2026-07-29 05:52:48.140356+00:00
14-12-2021,315.0,322.1366577,310.0,319.5033264,319.5033264,70806300,2026-07-29 05:52:48.140356+00:00
15-12-2021,317.7366638,326.25,309.4166565,325.3299866,325.3299866,75169200,2026-07-29 05:52:48.140356+00:00
16-12-2021,331.5,331.6600037,307.2833252,308.9733276,308.9733276,82771500,2026-07-29 05:52:48.140356+00:00
17-12-2021,304.9233398,320.2200012,303.0133362,310.8566589,310.8566589,100437300,2026-07-29 05:52:48.140356+00:00
20-12-2021,303.5666809,307.230011,297.7966614,299.980011,299.980011,56480100,2026-07-29 05:52:48.140356+00:00
21-12-2021,305.6233215,313.1666565,295.3733215,312.8433228,312.8433228,71517900,2026-07-29 05:52:48.140356+00:00
22-12-2021,321.8866577,338.5533447,319.0166626,336.2900085,336.2900085,93634200,2026-07-29 05:52:48.140356+00:00
23-12-2021,335.6000061,357.6600037,332.519989,355.6666565,355.6666565,92713200,2026-07-29 05:52:48.140356+00:00
27-12-2021,357.8900146,372.3333435,356.9066772,364.6466675,364.6466675,71145900,2026-07-29 05:52:48.140356+00:00
28-12-2021,369.8299866,373.0,359.4733276,362.8233337,362.8233337,60324000,2026-07-29 05:52:48.140356+00:00
29-12-2021,366.2133179,368.0,354.7133179,362.063324,362.063324,56154000,2026-07-29 05:52:48.140356+00:00
30-12-2021,353.7766724,365.1833191,351.0499878,356.7799988,356.7799988,47040900,2026-07-29 05:52:48.140356+00:00
31-12-2021,357.813324,360.6666565,351.5299988,352.2600098,352.2600098,40733700,2026-07-29 05:52:48.140356+00:00
03-01-2022,382.5833435,400.3566589,378.6799927,399.9266663,399.9266663,103931400,2026-07-29 05:52:48.140356+00:00
04-01-2022,396.5166626,402.6666565,374.3500061,383.1966553,383.1966553,100248300,2026-07-29 05:52:48.140356+00:00
05-01-2022,382.2166748,390.1133423,360.3366699,362.706665,362.706665,80119800,2026-07-29 05:52:48.140356+00:00
06-01-2022,359.0,362.6666565,340.1666565,354.8999939,354.8999939,90336600,2026-07-29 05:52:48.140356+00:00
07-01-2022,360.1233215,360.3099976,336.6666565,342.3200073,342.3200073,84164700,2026-07-29 05:52:48.140356+00:00
10-01-2022,333.3333435,353.0333252,326.6666565,352.706665,352.706665,91815000,2026-07-29 05:52:48.140356+00:00
11-01-2022,351.2233276,358.6166687,346.2733459,354.7999878,354.7999878,66063300,2026-07-29 05:52:48.140356+00:00
12-01-2022,359.6166687,371.6133423,357.5299988,368.7399902,368.7399902,83739000,2026-07-29 05:52:48.140356+00:00
13-01-2022,369.6900024,371.8666687,342.1799927,343.8533325,343.8533325,97209900,2026-07-29 05:52:48.140356+00:00
14-01-2022,339.9599915,350.6666565,337.793335,349.8699951,349.8699951,72924300,2026-07-29 05:52:48.140356+00:00
18-01-2022,342.2033386,356.9299927,338.686676,343.5033264,343.5033264,66743400,2026-07-29 05:52:48.140356+00:00
19-01-2022,347.2366638,351.5566711,331.6666565,331.8833313,331.8833313,75442500,2026-07-29 05:52:48.140356+00:00
20-01-2022,336.5766602,347.2200012,331.3333435,332.0899963,332.0899963,70488600,2026-07-29 05:52:48.140356+00:00
21-01-2022,332.1133423,334.8500061,313.5,314.6333313,314.6333313,103416000,2026-07-29 05:52:48.140356+00:00
24-01-2022,301.5866699,311.1700134,283.8233337,310.0,310.0,151565700,2026-07-29 05:52:48.140356+00:00
25-01-2022,304.7333374,317.0866699,301.0700073,306.1333313,306.1333313,86595900,2026-07-29 05:52:48.140356+00:00
26-01-2022,317.4766541,329.230011,302.0,312.4700012,312.4700012,104867400,2026-07-29 05:52:48.140356+00:00
27-01-2022,311.1199951,311.7966614,276.3333435,276.3666687,276.3666687,147109500,2026-07-29 05:52:48.140356+00:00
28-01-2022,277.186676,285.8333435,264.0033264,282.1166687,282.1166687,134789100,2026-07-29 05:52:48.140356+00:00
31-01-2022,290.9033203,312.6633301,287.3500061,312.2399902,312.2399902,104436000,2026-07-29 05:52:48.140356+00:00
01-02-2022,311.7366638,314.5666809,301.6666565,310.4166565,310.4166565,73138200,2026-07-29 05:52:48.140356+00:00
02-02-2022,309.3933411,310.5,296.4700012,301.8866577,301.8866577,66792900,2026-07-29 05:52:48.140356+00:00
03-02-2022,294.0,312.3333435,293.5066528,297.0466614,297.0466614,78855600,2026-07-29 05:52:48.140356+00:00
04-02-2022,299.0733337,312.1666565,293.7233276,307.7733459,307.7733459,73625400,2026-07-29 05:52:48.140356+00:00
07-02-2022,307.9299927,315.9233398,300.9033203,302.4466553,302.4466553,60994500,2026-07-29 05:52:48.140356+00:00
08-02-2022,301.8433228,308.7633362,298.2666626,307.3333435,307.3333435,50729100,2026-07-29 05:52:48.140356+00:00
09-02-2022,311.6666565,315.4233398,306.6666565,310.6666565,310.6666565,52259400,2026-07-29 05:52:48.140356+00:00
10-02-2022,302.7900085,314.6033325,298.8999939,301.5166626,301.5166626,66126900,2026-07-29 05:52:48.140356+00:00
11-02-2022,303.2099915,305.3200073,283.5666809,286.6666565,286.6666565,79645800,2026-07-29 05:52:48.140356+00:00
14-02-2022,287.1900024,299.6266785,284.3833313,291.9200134,291.9200134,67756500,2026-07-29 05:52:48.140356+00:00
15-02-2022,300.0,307.6666565,297.793335,307.4766541,307.4766541,57286200,2026-07-29 05:52:48.140356+00:00
16-02-2022,304.6833191,308.8099976,300.4033203,307.7966614,307.7966614,51294300,2026-07-29 05:52:48.140356+00:00
17-02-2022,304.4200134,306.1666565,291.3666687,292.1166687,292.1166687,55178400,2026-07-29 05:52:48.140356+00:00
18-02-2022,295.3333435,295.6233215,279.2033386,285.6600037,285.6600037,68501700,2026-07-29 05:52:48.140356+00:00
22-02-2022,278.043335,285.5766602,267.0333252,273.8433228,273.8433228,83288100,2026-07-29 05:52:48.140356+00:00
23-02-2022,276.8099976,278.4333191,253.5200043,254.6799927,254.6799927,95256900,2026-07-29 05:52:48.140356+00:00
24-02-2022,233.4633331,267.4933472,233.3333282,266.9233398,266.9233398,135322200,2026-07-29 05:52:48.140356+00:00
25-02-2022,269.7433472,273.1666565,260.7999878,269.956665,269.956665,76067700,2026-07-29 05:52:48.140356+00:00
28-02-2022,271.6700134,292.2866821,271.5700073,290.1433411,290.1433411,99006900,2026-07-29 05:52:48.140356+00:00
01-03-2022,289.8933411,296.6266785,284.5933228,288.1233215,288.1233215,74766900,2026-07-29 05:52:48.140356+00:00
02-03-2022,290.7099915,295.4933472,281.4233398,293.2966614,293.2966614,74643300,2026-07-29 05:52:48.140356+00:00
03-03-2022,292.9233398,295.480011,277.5333252,279.7633362,279.7633362,61623600,2026-07-29 05:52:48.140356+00:00
04-03-2022,283.0333252,285.2166748,275.0533447,279.4299927,279.4299927,66999600,2026-07-29 05:52:48.140356+00:00
07-03-2022,285.4333191,288.7133179,268.1900024,268.1933289,268.1933289,72494100,2026-07-29 05:52:48.140356+00:00
08-03-2022,265.1766663,283.3299866,260.7233276,274.7999878,274.7999878,80399100,2026-07-29 05:52:48.140356+00:00
09-03-2022,279.8266602,286.8533325,277.3366699,286.3233337,286.3233337,59184000,2026-07-29 05:52:48.140356+00:00
10-03-2022,283.8166809,284.8166809,270.1199951,279.4333191,279.4333191,58648500,2026-07-29 05:52:48.140356+00:00
11-03-2022,280.0666809,281.2666626,264.5899963,265.1166687,265.1166687,67037100,2026-07-29 05:52:48.140356+00:00
14-03-2022,260.2033386,266.8999939,252.0133362,255.456665,255.456665,71152200,2026-07-29 05:52:48.140356+00:00
15-03-2022,258.4233398,268.5233459,252.1900024,267.2966614,267.2966614,66841200,2026-07-29 05:52:48.140356+00:00
16-03-2022,269.6666565,280.6666565,267.4200134,280.0766602,280.0766602,84028800,2026-07-29 05:52:48.140356+00:00
17-03-2022,276.9966736,291.6666565,275.2399902,290.5333252,290.5333252,66582900,2026-07-29 05:52:48.140356+00:00
18-03-2022,291.4966736,302.6166687,289.1300049,301.7966614,301.7966614,100414200,2026-07-29 05:52:48.140356+00:00
21-03-2022,304.9933472,314.2833252,302.3633423,307.0533447,307.0533447,81981600,2026-07-29 05:52:48.140356+00:00
22-03-2022,310.0,332.6199951,307.25,331.3266602,331.3266602,105868500,2026-07-29 05:52:48.140356+00:00
23-03-2022,326.6466675,346.8999939,325.4666748,333.0366821,333.0366821,120676200,2026-07-29 05:52:48.140356+00:00
24-03-2022,336.5766602,341.4966736,329.6000061,337.9733276,337.9733276,68920800,2026-07-29 05:52:48.140356+00:00
25-03-2022,336.0,340.6000061,332.4400024,336.8800049,336.8800049,62031600,2026-07-29 05:52:48.140356+00:00
28-03-2022,355.0333252,365.9599915,351.2000122,363.9466553,363.9466553,102506100,2026-07-29 05:52:48.140356+00:00
29-03-2022,369.3299866,371.5899963,357.7033386,366.5233459,366.5233459,73614900,2026-07-29 05:52:48.140356+00:00
30-03-2022,363.7233276,371.3166809,361.3333435,364.6633301,364.6633301,59865000,2026-07-29 05:52:48.140356+00:00
31-03-2022,364.8566589,367.7133179,358.8800049,359.2000122,359.2000122,48992700,2026-07-29 05:52:48.140356+00:00
01-04-2022,360.3833313,364.9166565,355.5466614,361.5299988,361.5299988,54263100,2026-07-29 05:52:48.140356+00:00
04-04-2022,363.1266785,383.3033447,357.5100098,381.8166809,381.8166809,82035900,2026-07-29 05:52:48.140356+00:00
05-04-2022,378.7666626,384.2900085,362.4333191,363.7533264,363.7533264,80075100,2026-07-29 05:52:48.140356+00:00
06-04-2022,357.8233337,359.6666565,342.5666809,348.5866699,348.5866699,89348400,2026-07-29 05:52:48.140356+00:00
07-04-2022,350.7966614,358.8633423,340.5133362,352.4200134,352.4200134,79447200,2026-07-29 05:52:48.140356+00:00
08-04-2022,347.7366638,349.480011,340.813324,341.8299866,341.8299866,55013700,2026-07-29 05:52:48.140356+00:00
11-04-2022,326.7999878,336.1566772,324.8800049,325.3099976,325.3099976,59357100,2026-07-29 05:52:48.140356+00:00
12-04-2022,332.5466614,340.3966675,325.5333252,328.9833374,328.9833374,65976000,2026-07-29 05:52:48.140356+00:00
13-04-2022,327.0266724,342.0799866,324.3666687,340.7900085,340.7900085,55121100,2026-07-29 05:52:48.140356+00:00
14-04-2022,333.0966797,337.5700073,327.3966675,328.3333435,328.3333435,58422300,2026-07-29 05:52:48.140356+00:00
18-04-2022,329.6766663,338.3066711,324.4700012,334.7633362,334.7633362,51715200,2026-07-29 05:52:48.140356+00:00
19-04-2022,335.019989,344.980011,331.7766724,342.7166748,342.7166748,49847700,2026-07-29 05:52:48.140356+00:00
20-04-2022,343.3333435,344.6666565,325.0833435,325.7333374,325.7333374,70711200,2026-07-29 05:52:48.140356+00:00
21-04-2022,358.2433472,364.0733337,332.1400146,336.2600098,336.2600098,105416400,2026-07-29 05:52:48.140356+00:00
22-04-2022,338.3033447,344.9500122,331.3333435,335.0166626,335.0166626,69696600,2026-07-29 05:52:48.140356+00:00
25-04-2022,326.3233337,336.206665,325.1000061,332.6733398,332.6733398,68341200,2026-07-29 05:52:48.140356+00:00
26-04-2022,331.8099976,333.3333435,291.6666565,292.1400146,292.1400146,136133700,2026-07-29 05:52:48.140356+00:00
27-04-2022,299.5266724,306.0,292.4533386,293.8366699,293.8366699,76956300,2026-07-29 05:52:48.140356+00:00
28-04-2022,299.9933472,300.0,273.8999939,292.5033264,292.5033264,124948500,2026-07-29 05:52:48.140356+00:00
29-04-2022,300.75,311.4666748,290.0,290.2533264,290.2533264,88133100,2026-07-29 05:52:48.140356+00:00
02-05-2022,286.9233398,302.1199951,282.6766663,300.980011,300.980011,75781500,2026-07-29 05:52:48.140356+00:00
03-05-2022,301.0599976,308.0266724,296.1966553,303.0833435,303.0833435,63709500,2026-07-29 05:52:48.140356+00:00
04-05-2022,301.313324,318.5,295.0933228,317.5400085,317.5400085,81643800,2026-07-29 05:52:48.140356+00:00
05-05-2022,313.0066528,315.2000122,285.8999939,291.0933228,291.0933228,92519100,2026-07-29 05:52:48.140356+00:00
06-05-2022,295.6666565,296.0,281.0366821,288.5499878,288.5499878,72903000,2026-07-29 05:52:48.140356+00:00
09-05-2022,278.8166809,281.8766785,260.3833313,262.3699951,262.3699951,90810300,2026-07-29 05:52:48.140356+00:00
10-05-2022,273.1033325,275.1199951,258.0833435,266.6799927,266.6799927,84401700,2026-07-29 05:52:48.140356+00:00
11-05-2022,265.0,269.9233398,242.3999939,244.6666718,244.6666718,97224600,2026-07-29 05:52:48.140356+00:00
12-05-2022,233.6666718,253.2200012,226.6666718,242.6666718,242.6666718,140313000,2026-07-29 05:52:48.140356+00:00
13-05-2022,257.8266602,262.4500122,250.5233307,256.5299988,256.5299988,92150700,2026-07-29 05:52:48.140356+00:00
16-05-2022,255.7200012,256.5866699,239.6966705,241.456665,241.456665,86098500,2026-07-29 05:52:48.140356+00:00
17-05-2022,249.1199951,254.8266602,242.9499969,253.8699951,253.8699951,80236200,2026-07-29 05:52:48.140356+00:00
18-05-2022,248.1733398,253.5,233.6033325,236.6033325,236.6033325,87811800,2026-07-29 05:52:48.140356+00:00
19-05-2022,235.6666718,244.6666718,231.3699951,236.4733276,236.4733276,90296700,2026-07-29 05:52:48.140356+00:00
20-05-2022,237.9966736,240.5266724,211.0,221.3000031,221.3000031,144973200,2026-07-29 05:52:48.140356+00:00
23-05-2022,218.3399963,226.6533356,212.6866608,224.9666595,224.9666595,88903500,2026-07-29 05:52:48.140356+00:00
24-05-2022,217.843338,217.9733276,206.8566742,209.386673,209.386673,89092500,2026-07-29 05:52:48.140356+00:00
25-05-2022,207.9499969,223.1066742,207.6699982,219.6000061,219.6000061,92139300,2026-07-29 05:52:48.140356+00:00
26-05-2022,220.4733276,239.5566711,217.886673,235.9100037,235.9100037,106003200,2026-07-29 05:52:48.140356+00:00
27-05-2022,241.0833282,253.2666626,240.1766663,253.2100067,253.2100067,89295000,2026-07-29 05:52:48.140356+00:00
31-05-2022,257.9466553,259.6000061,244.7433319,252.7533264,252.7533264,101914500,2026-07-29 05:52:48.140356+00:00
01-06-2022,251.7200012,257.3266602,243.6399994,246.7899933,246.7899933,77247900,2026-07-29 05:52:48.140356+00:00
02-06-2022,244.156662,264.2099915,242.0666656,258.3333435,258.3333435,93473100,2026-07-29 05:52:48.140356+00:00
03-06-2022,243.2266693,247.7966614,233.4166718,234.5166626,234.5166626,112393800,2026-07-29 05:52:48.140356+00:00
06-06-2022,244.3533325,244.8666687,234.3500061,238.2799988,238.2799988,84204600,2026-07-29 05:52:48.140356+00:00
07-06-2022,234.0,239.9966736,230.093338,238.886673,238.886673,72808500,2026-07-29 05:52:48.140356+00:00
08-06-2022,240.0866699,249.9633331,239.1766663,241.8666687,241.8666687,76210500,2026-07-29 05:52:48.140356+00:00
09-06-2022,249.3399963,255.5466614,239.3266602,239.706665,239.706665,96491400,2026-07-29 05:52:48.140356+00:00
10-06-2022,235.156662,239.5,227.9133301,232.2299957,232.2299957,97536600,2026-07-29 05:52:48.140356+00:00
13-06-2022,223.1666718,226.6333313,214.6833344,215.7366638,215.7366638,102767400,2026-07-29 05:52:48.140356+00:00
14-06-2022,218.2866669,226.3300018,211.7366638,220.8899994,220.8899994,97988700,2026-07-29 05:52:48.140356+00:00
15-06-2022,220.9166718,235.6633301,218.1499939,233.0,233.0,119131800,2026-07-29 05:52:48.140356+00:00
16-06-2022,222.7366638,225.1666718,208.6933289,213.1000061,213.1000061,107390700,2026-07-29 05:52:48.140356+00:00
17-06-2022,213.4333344,220.9700012,213.1966705,216.7599945,216.7599945,92641800,2026-07-29 05:52:48.140356+00:00
21-06-2022,224.6033325,243.5766602,224.3333282,237.0366669,237.0366669,122793000,2026-07-29 05:52:48.140356+00:00
22-06-2022,234.5033264,246.8333282,233.8266602,236.0866699,236.0866699,101107500,2026-07-29 05:52:48.140356+00:00
23-06-2022,237.906662,239.3166656,228.636673,235.0700073,235.0700073,104202600,2026-07-29 05:52:48.140356+00:00
24-06-2022,237.4700012,246.0666656,236.0866699,245.706665,245.706665,95770800,2026-07-29 05:52:48.140356+00:00
27-06-2022,249.3666687,252.0700073,242.5666656,244.9199982,244.9199982,89178300,2026-07-29 05:52:48.140356+00:00
28-06-2022,244.4833374,249.9700012,232.343338,232.6633301,232.6633301,90391200,2026-07-29 05:52:48.140356+00:00
29-06-2022,230.5,231.1733398,222.2733307,228.4900055,228.4900055,82897200,2026-07-29 05:52:48.140356+00:00
30-06-2022,224.5099945,229.456665,218.863327,224.4733276,224.4733276,94600500,2026-07-29 05:52:48.140356+00:00
01-07-2022,227.0,230.2299957,222.1199951,227.2633362,227.2633362,74460300,2026-07-29 05:52:48.140356+00:00
05-07-2022,223.0,233.1466675,216.1666718,233.0666656,233.0666656,84581100,2026-07-29 05:52:48.140356+00:00
06-07-2022,230.7799988,234.5633392,227.1866608,231.7333374,231.7333374,71853600,2026-07-29 05:52:48.140356+00:00
07-07-2022,233.9199982,245.363327,232.2100067,244.543335,244.543335,81930600,2026-07-29 05:52:48.140356+00:00
08-07-2022,242.3333282,254.9799957,241.1600037,250.7633362,250.7633362,101854200,2026-07-29 05:52:48.140356+00:00
11-07-2022,252.1033325,253.0633392,233.6266632,234.343338,234.343338,99241200,2026-07-29 05:52:48.140356+00:00
12-07-2022,236.8466644,239.7733307,228.3699951,233.0700073,233.0700073,87930900,2026-07-29 05:52:48.140356+00:00
13-07-2022,225.5,242.0599976,225.0333405,237.0399933,237.0399933,97954500,2026-07-29 05:52:48.140356+00:00
14-07-2022,234.8966675,238.6533356,229.3333282,238.3133392,238.3133392,78557400,2026-07-29 05:52:48.140356+00:00
15-07-2022,240.0,243.6233368,236.8899994,240.0666656,240.0666656,69683100,2026-07-29 05:52:48.140356+00:00
18-07-2022,244.9366608,250.5166626,239.6033325,240.5466614,240.5466614,82537500,2026-07-29 05:52:48.140356+00:00
19-07-2022,245.0,247.1399994,236.9766693,245.5299988,245.5299988,80890200,2026-07-29 05:52:48.140356+00:00
20-07-2022,246.7833405,250.6633301,243.4833374,247.5,247.5,88864200,2026-07-29 05:52:48.140356+00:00
21-07-2022,255.1066742,273.2666626,254.8666687,271.706665,271.706665,142032300,2026-07-29 05:52:48.140356+00:00
22-07-2022,276.2200012,280.7866821,270.7133179,272.2433472,272.2433472,103472700,2026-07-29 05:52:48.140356+00:00
25-07-2022,272.2166748,274.1466675,267.3999939,268.4333191,268.4333191,64073400,2026-07-29 05:52:48.140356+00:00
26-07-2022,266.5133362,267.3099976,256.2633362,258.8599854,258.8599854,66820800,2026-07-29 05:52:48.140356+00:00
27-07-2022,263.8099976,275.9266663,261.7900085,274.8200073,274.8200073,88110000,2026-07-29 05:52:48.140356+00:00
28-07-2022,280.0666809,283.2999878,272.7999878,280.8999939,280.8999939,84723000,2026-07-29 05:52:48.140356+00:00
29-07-2022,280.7000122,298.3200073,279.1000061,297.1499939,297.1499939,95313000,2026-07-29 05:52:48.140356+00:00
01-08-2022,301.2766724,311.8766785,295.0,297.2766724,297.2766724,117042900,2026-07-29 05:52:48.140356+00:00
02-08-2022,294.0033264,307.8333435,292.6666565,300.5866699,300.5866699,95577600,2026-07-29 05:52:48.140356+00:00
03-08-2022,305.0,309.5499878,301.1499939,307.3966675,307.3966675,80091000,2026-07-29 05:52:48.140356+00:00
04-08-2022,311.0,313.6066589,305.0,308.6333313,308.6333313,72256200,2026-07-29 05:52:48.140356+00:00
05-08-2022,302.6700134,304.6066589,285.543335,288.1700134,288.1700134,113172900,2026-07-29 05:52:48.140356+00:00
08-08-2022,295.0,305.2000122,289.0866699,290.4233398,290.4233398,98994000,2026-07-29 05:52:48.140356+00:00
09-08-2022,290.293335,292.3966675,279.3533325,283.3333435,283.3333435,86244600,2026-07-29 05:52:48.140356+00:00
10-08-2022,297.0666809,297.5100098,283.3699951,294.3566589,294.3566589,94918800,2026-07-29 05:52:48.140356+00:00
11-08-2022,296.5133362,298.2366638,285.8333435,286.6300049,286.6300049,70155000,2026-07-29 05:52:48.140356+00:00
12-08-2022,289.4166565,300.1600037,285.0333252,300.0299988,300.0299988,79657200,2026-07-29 05:52:48.140356+00:00
15-08-2022,301.7866821,313.1333313,301.230011,309.3200073,309.3200073,89359200,2026-07-29 05:52:48.140356+00:00
16-08-2022,311.6666565,314.6666565,302.8833313,306.563324,306.563324,88136400,2026-07-29 05:52:48.140356+00:00
17-08-2022,303.3966675,309.6566772,300.0333252,303.9966736,303.9966736,68766000,2026-07-29 05:52:48.140356+00:00
18-08-2022,306.0,306.5,301.8533325,302.8699951,302.8699951,47500500,2026-07-29 05:52:48.140356+00:00
19-08-2022,299.0,300.3599854,292.5,296.6666565,296.6666565,61395300,2026-07-29 05:52:48.140356+00:00
22-08-2022,291.9133301,292.3999939,286.2966614,289.9133301,289.9133301,55843200,2026-07-29 05:52:48.140356+00:00
23-08-2022,291.4533386,298.8266602,287.9233398,296.4533386,296.4533386,63984900,2026-07-29 05:52:48.140356+00:00
24-08-2022,297.563324,303.6466675,296.5,297.0966797,297.0966797,57259800,2026-07-29 05:52:48.140356+00:00
25-08-2022,302.3599854,302.9599915,291.6000061,296.0700073,296.0700073,53230000,2026-07-29 05:52:48.140356+00:00
26-08-2022,297.4299927,302.0,287.4700012,288.0899963,288.0899963,57163900,2026-07-29 05:52:48.140356+00:00
29-08-2022,282.8299866,287.7399902,280.7000122,284.8200073,284.8200073,41864700,2026-07-29 05:52:48.140356+00:00
30-08-2022,287.8699951,288.480011,272.6499939,277.7000122,277.7000122,50541800,2026-07-29 05:52:48.140356+00:00
31-08-2022,280.6199951,281.25,271.8099976,275.6099854,275.6099854,52107300,2026-07-29 05:52:48.140356+00:00
01-09-2022,272.5799866,277.5799866,266.1499939,277.1600037,277.1600037,54287000,2026-07-29 05:52:48.140356+00:00
02-09-2022,281.0700073,282.3500061,269.0799866,270.2099915,270.2099915,50890100,2026-07-29 05:52:48.140356+00:00
06-09-2022,272.6799927,275.9899902,265.7399902,274.4200134,274.4200134,55860000,2026-07-29 05:52:48.140356+00:00
07-09-2022,273.1000061,283.8399963,272.269989,283.7000122,283.7000122,50028900,2026-07-29 05:52:48.140356+00:00
08-09-2022,281.2999878,289.5,279.7600098,289.2600098,289.2600098,53713100,2026-07-29 05:52:48.140356+00:00
09-09-2022,291.6700134,299.8500061,291.25,299.6799927,299.6799927,54338100,2026-07-29 05:52:48.140356+00:00
12-09-2022,300.7200012,305.4899902,300.3999939,304.4200134,304.4200134,48674600,2026-07-29 05:52:48.140356+00:00
13-09-2022,292.8999939,297.3999939,290.3999939,292.1300049,292.1300049,68229600,2026-07-29 05:52:48.140356+00:00
14-09-2022,292.2399902,306.0,291.6400146,302.6099854,302.6099854,72628700,2026-07-29 05:52:48.140356+00:00
15-09-2022,301.8299866,309.1199951,300.7200012,303.75,303.75,64795500,2026-07-29 05:52:48.140356+00:00
16-09-2022,299.6099854,303.7099915,295.6000061,303.3500061,303.3500061,87087800,2026-07-29 05:52:48.140356+00:00
19-09-2022,300.0899963,309.8399963,297.7999878,309.0700073,309.0700073,60231200,2026-07-29 05:52:48.140356+00:00
20-09-2022,306.9100037,313.3299866,305.5799866,308.730011,308.730011,61642800,2026-07-29 05:52:48.140356+00:00
21-09-2022,308.2900085,313.7999878,300.6300049,300.7999878,300.7999878,62555700,2026-07-29 05:52:48.140356+00:00
22-09-2022,299.8599854,301.2900085,285.8200073,288.5899963,288.5899963,70545400,2026-07-29 05:52:48.140356+00:00
23-09-2022,283.0899963,284.5,272.8200073,275.3299866,275.3299866,63748400,2026-07-29 05:52:48.140356+00:00
26-09-2022,271.8299866,284.0899963,270.3099976,276.0100098,276.0100098,58076900,2026-07-29 05:52:48.140356+00:00
27-09-2022,283.8399963,288.6700134,277.5100098,282.9400024,282.9400024,61925200,2026-07-29 05:52:48.140356+00:00
28-09-2022,283.0799866,289.0,277.5700073,287.8099976,287.8099976,54664800,2026-07-29 05:52:48.140356+00:00
29-09-2022,282.7600098,283.6499939,265.7799988,268.2099915,268.2099915,77620600,2026-07-29 05:52:48.140356+00:00
30-09-2022,266.1499939,275.5700073,262.4700012,265.25,265.25,67726600,2026-07-29 05:52:48.140356+00:00
03-10-2022,254.5,255.1600037,241.0099945,242.3999939,242.3999939,98363500,2026-07-29 05:52:48.140356+00:00
04-10-2022,250.5200043,257.5,242.0099945,249.4400024,249.4400024,109578500,2026-07-29 05:52:48.140356+00:00
05-10-2022,245.0099945,246.6699982,233.2700043,240.8099976,240.8099976,86982700,2026-07-29 05:52:48.140356+00:00
06-10-2022,239.4400024,244.5800018,235.3500061,238.1300049,238.1300049,69298400,2026-07-29 05:52:48.140356+00:00
07-10-2022,233.9400024,234.5700073,222.0200043,223.0700073,223.0700073,83916800,2026-07-29 05:52:48.140356+00:00
10-10-2022,223.9299927,226.9900055,218.3600006,222.9600067,222.9600067,67925000,2026-07-29 05:52:48.140356+00:00
11-10-2022,220.9499969,225.75,215.0,216.5,216.5,77013200,2026-07-29 05:52:48.140356+00:00
12-10-2022,215.3300018,219.3000031,211.5099945,217.2400055,217.2400055,66860700,2026-07-29 05:52:48.140356+00:00
13-10-2022,208.3000031,222.9900055,206.2200012,221.7200012,221.7200012,91483000,2026-07-29 05:52:48.140356+00:00
14-10-2022,224.0099945,226.2599945,204.1600037,204.9900055,204.9900055,94124500,2026-07-29 05:52:48.140356+00:00
17-10-2022,210.0399933,221.8600006,209.4499969,219.3500061,219.3500061,79428800,2026-07-29 05:52:48.140356+00:00
18-10-2022,229.5,229.8200073,217.25,220.1900024,220.1900024,75891900,2026-07-29 05:52:48.140356+00:00
19-10-2022,219.8000031,222.9299927,217.7799988,222.0399933,222.0399933,66571500,2026-07-29 05:52:48.140356+00:00
20-10-2022,208.2799988,215.5500031,202.0,207.2799988,207.2799988,117798100,2026-07-29 05:52:48.140356+00:00
21-10-2022,206.4199982,214.6600037,203.8000031,214.4400024,214.4400024,75713800,2026-07-29 05:52:48.140356+00:00
24-10-2022,205.8200073,213.5,198.5899963,211.25,211.25,100446800,2026-07-29 05:52:48.140356+00:00
25-10-2022,210.1000061,224.3500061,210.0,222.4199982,222.4199982,96507900,2026-07-29 05:52:48.140356+00:00
26-10-2022,219.3999939,230.6000061,218.1999969,224.6399994,224.6399994,85012500,2026-07-29 05:52:48.140356+00:00
27-10-2022,229.7700043,233.8099976,222.8500061,225.0899963,225.0899963,61638800,2026-07-29 05:52:48.140356+00:00
28-10-2022,225.3999939,228.8600006,216.3500061,228.5200043,228.5200043,69152400,2026-07-29 05:52:48.140356+00:00
31-10-2022,226.1900024,229.8500061,221.9400024,227.5399933,227.5399933,61554300,2026-07-29 05:52:48.140356+00:00
01-11-2022,234.0500031,237.3999939,227.2799988,227.8200073,227.8200073,62688800,2026-07-29 05:52:48.140356+00:00
02-11-2022,226.0399933,227.8699951,214.8200073,214.9799957,214.9799957,63070300,2026-07-29 05:52:48.140356+00:00
03-11-2022,211.3600006,221.1999969,210.1399994,215.3099976,215.3099976,56538800,2026-07-29 05:52:48.140356+00:00
04-11-2022,222.6000061,223.8000031,203.0800018,207.4700012,207.4700012,98622200,2026-07-29 05:52:48.140356+00:00
07-11-2022,208.6499939,208.8999939,196.6600037,197.0800018,197.0800018,93916500,2026-07-29 05:52:48.140356+00:00
08-11-2022,194.0200043,195.1999969,186.75,191.3000031,191.3000031,128803400,2026-07-29 05:52:48.140356+00:00
09-11-2022,190.7799988,195.8899994,177.1199951,177.5899963,177.5899963,127062700,2026-07-29 05:52:48.140356+00:00
10-11-2022,189.8999939,191.0,180.0299988,190.7200012,190.7200012,132703000,2026-07-29 05:52:48.140356+00:00
11-11-2022,186.0,196.5200043,182.5899963,195.9700012,195.9700012,114403600,2026-07-29 05:52:48.140356+00:00
14-11-2022,192.7700043,195.7299957,186.3399963,190.9499969,190.9499969,92226600,2026-07-29 05:52:48.140356+00:00
15-11-2022,195.8800049,200.8200073,192.0599976,194.4199982,194.4199982,91293800,2026-07-29 05:52:48.140356+00:00
16-11-2022,191.5099945,192.5700073,185.6600037,186.9199982,186.9199982,66567600,2026-07-29 05:52:48.140356+00:00
17-11-2022,183.9600067,186.1600037,180.8999939,183.1699982,183.1699982,64336000,2026-07-29 05:52:48.140356+00:00
18-11-2022,185.0500031,185.1900024,176.5500031,180.1900024,180.1900024,76048900,2026-07-29 05:52:48.140356+00:00
21-11-2022,175.8500061,176.7700043,167.5399933,167.8699951,167.8699951,92882700,2026-07-29 05:52:48.140356+00:00
22-11-2022,168.6300049,170.9199982,166.1900024,169.9100037,169.9100037,78452300,2026-07-29 05:52:48.140356+00:00
23-11-2022,173.5700073,183.6199951,172.5,183.1999969,183.1999969,109536700,2026-07-29 05:52:48.140356+00:00
25-11-2022,185.0599976,185.1999969,180.6300049,182.8600006,182.8600006,50672700,2026-07-29 05:52:48.140356+00:00
28-11-2022,179.9600067,188.5,179.0,182.9199982,182.9199982,92905200,2026-07-29 05:52:48.140356+00:00
29-11-2022,184.9900055,186.3800049,178.75,180.8300018,180.8300018,83357100,2026-07-29 05:52:48.140356+00:00
30-11-2022,182.4299927,194.7599945,180.6300049,194.6999969,194.6999969,109186400,2026-07-29 05:52:48.140356+00:00
01-12-2022,197.0800018,198.9199982,191.8000031,194.6999969,194.6999969,80046200,2026-07-29 05:52:48.140356+00:00
02-12-2022,191.7799988,196.25,191.1100006,194.8600006,194.8600006,73645900,2026-07-29 05:52:48.140356+00:00
05-12-2022,189.4400024,191.2700043,180.5500031,182.4499969,182.4499969,93122700,2026-07-29 05:52:48.140356+00:00
06-12-2022,181.2200012,183.6499939,175.3300018,179.8200073,179.8200073,92150800,2026-07-29 05:52:48.140356+00:00
07-12-2022,175.0299988,179.3800049,172.2200012,174.0399933,174.0399933,84213300,2026-07-29 05:52:48.140356+00:00
08-12-2022,172.1999969,175.1999969,169.0599976,173.4400024,173.4400024,97624500,2026-07-29 05:52:48.140356+00:00
09-12-2022,173.8399963,182.5,173.3600006,179.0500031,179.0500031,104872300,2026-07-29 05:52:48.140356+00:00
12-12-2022,176.1000061,177.3699951,167.5200043,167.8200073,167.8200073,109794500,2026-07-29 05:52:48.140356+00:00
13-12-2022,174.8699951,175.0500031,156.9100037,160.9499969,160.9499969,175862700,2026-07-29 05:52:48.140356+00:00
14-12-2022,159.25,161.6199951,155.3099976,156.8000031,156.8000031,140682300,2026-07-29 05:52:48.140356+00:00
15-12-2022,153.4400024,160.9299927,153.2799988,157.6699982,157.6699982,122334500,2026-07-29 05:52:48.140356+00:00
16-12-2022,159.6399994,160.9900055,150.0399933,150.2299957,150.2299957,139032200,2026-07-29 05:52:48.140356+00:00
19-12-2022,154.0,155.25,145.8200073,149.8699951,149.8699951,139390600,2026-07-29 05:52:48.140356+00:00
20-12-2022,146.0500031,148.4700012,137.6600037,137.8000031,137.8000031,159563300,2026-07-29 05:52:48.140356+00:00
21-12-2022,139.3399963,141.2599945,135.8899994,137.5700073,137.5700073,145417400,2026-07-29 05:52:48.140356+00:00
22-12-2022,136.0,136.6300049,122.2600021,125.3499985,125.3499985,210090300,2026-07-29 05:52:48.140356+00:00
23-12-2022,126.3700027,128.6199951,121.0199966,123.1500015,123.1500015,166989700,2026-07-29 05:52:48.140356+00:00
27-12-2022,117.5,119.6699982,108.7600021,109.0999985,109.0999985,208643400,2026-07-29 05:52:48.140356+00:00
28-12-2022,110.3499985,116.2699966,108.2399979,112.7099991,112.7099991,221070500,2026-07-29 05:52:48.140356+00:00
29-12-2022,120.3899994,123.5699997,117.5,121.8199997,121.8199997,221923300,2026-07-29 05:52:48.140356+00:00
30-12-2022,119.9499969,124.4800034,119.75,123.1800003,123.1800003,157777300,2026-07-29 05:52:48.140356+00:00
03-01-2023,118.4700012,118.8000031,104.6399994,108.0999985,108.0999985,231402800,2026-07-29 05:52:48.140356+00:00
04-01-2023,109.1100006,114.5899963,107.5199966,113.6399994,113.6399994,180389000,2026-07-29 05:52:48.140356+00:00
05-01-2023,110.5100021,111.75,107.1600037,110.3399963,110.3399963,157986300,2026-07-29 05:52:48.140356+00:00
06-01-2023,103.0,114.3899994,101.8099976,113.0599976,113.0599976,220911100,2026-07-29 05:52:48.140356+00:00
09-01-2023,118.9599991,123.5199966,117.1100006,119.7699966,119.7699966,190284000,2026-07-29 05:52:48.140356+00:00
10-01-2023,121.0699997,122.7600021,114.9199982,118.8499985,118.8499985,167642500,2026-07-29 05:52:48.140356+00:00
11-01-2023,122.0899963,125.9499969,120.5100021,123.2200012,123.2200012,183810800,2026-07-29 05:52:48.140356+00:00
12-01-2023,122.5599976,124.1299973,117.0,123.5599976,123.5599976,169400900,2026-07-29 05:52:48.140356+00:00
13-01-2023,116.5500031,122.6299973,115.5999985,122.4000015,122.4000015,180714100,2026-07-29 05:52:48.140356+00:00
17-01-2023,125.6999969,131.6999969,125.0199966,131.4900055,131.4900055,186477000,2026-07-29 05:52:48.140356+00:00
18-01-2023,136.5599976,136.6799927,127.0100021,128.7799988,128.7799988,195680300,2026-07-29 05:52:48.140356+00:00
19-01-2023,127.2600021,129.9900055,124.3099976,127.1699982,127.1699982,170291900,2026-07-29 05:52:48.140356+00:00
20-01-2023,128.6799927,133.5099945,127.3499985,133.4199982,133.4199982,138858100,2026-07-29 05:52:48.140356+00:00
23-01-2023,135.8699951,145.3800049,134.2700043,143.75,143.75,203119200,2026-07-29 05:52:48.140356+00:00
24-01-2023,143.0,146.5,141.1000061,143.8899994,143.8899994,158699100,2026-07-29 05:52:48.140356+00:00
25-01-2023,141.9100037,146.4100037,138.0700073,144.4299927,144.4299927,192734300,2026-07-29 05:52:48.140356+00:00
26-01-2023,159.9700012,161.4199982,154.7599945,160.2700043,160.2700043,234815100,2026-07-29 05:52:48.140356+00:00
27-01-2023,162.4299927,180.6799927,161.1699982,177.8999939,177.8999939,306590600,2026-07-29 05:52:48.140356+00:00
30-01-2023,178.0500031,179.7700043,166.5,166.6600037,166.6600037,230878800,2026-07-29 05:52:48.140356+00:00
31-01-2023,164.5700073,174.3000031,162.7799988,173.2200012,173.2200012,196813500,2026-07-29 05:52:48.140356+00:00
01-02-2023,173.8899994,183.8099976,169.9299927,181.4100037,181.4100037,213806300,2026-07-29 05:52:48.140356+00:00
02-02-2023,187.3300018,196.75,182.6100006,188.2700043,188.2700043,217448300,2026-07-29 05:52:48.140356+00:00
03-02-2023,183.9499969,199.0,183.6900024,189.9799957,189.9799957,232662000,2026-07-29 05:52:48.140356+00:00
06-02-2023,193.0099945,198.1699982,189.9199982,194.7599945,194.7599945,186188100,2026-07-29 05:52:48.140356+00:00
07-02-2023,196.4299927,197.5,189.5500031,196.8099976,196.8099976,186010300,2026-07-29 05:52:48.140356+00:00
08-02-2023,196.1000061,203.0,194.3099976,201.2899933,201.2899933,180673600,2026-07-29 05:52:48.140356+00:00
09-02-2023,207.7799988,214.0,204.7700043,207.3200073,207.3200073,215431400,2026-07-29 05:52:48.140356+00:00
10-02-2023,202.2299957,206.1999969,192.8899994,196.8899994,196.8899994,204754100,2026-07-29 05:52:48.140356+00:00
13-02-2023,194.4199982,196.3000031,187.6100006,194.6399994,194.6399994,172475500,2026-07-29 05:52:48.140356+00:00
14-02-2023,191.9400024,209.8200073,189.4400024,209.25,209.25,216455700,2026-07-29 05:52:48.140356+00:00
15-02-2023,211.7599945,214.6600037,206.1100006,214.2400055,214.2400055,181006400,2026-07-29 05:52:48.140356+00:00
16-02-2023,210.7799988,217.6499939,201.8399963,202.0399933,202.0399933,229586500,2026-07-29 05:52:48.140356+00:00
17-02-2023,199.9900055,208.4400024,197.5,208.3099976,208.3099976,213738500,2026-07-29 05:52:48.140356+00:00
21-02-2023,204.9900055,209.7100067,197.2200012,197.3699951,197.3699951,180018600,2026-07-29 05:52:48.140356+00:00
22-02-2023,197.9299927,201.9900055,191.7799988,200.8600006,200.8600006,191828500,2026-07-29 05:52:48.140356+00:00
23-02-2023,203.9100037,205.1399994,196.3300018,202.0700073,202.0700073,146360000,2026-07-29 05:52:48.140356+00:00
24-02-2023,196.3300018,197.6699982,192.8000031,196.8800049,196.8800049,142228100,2026-07-29 05:52:48.140356+00:00
27-02-2023,202.0299988,209.4199982,201.2599945,207.6300049,207.6300049,161028300,2026-07-29 05:52:48.140356+00:00
28-02-2023,210.5899963,211.2299957,203.75,205.7100067,205.7100067,153144900,2026-07-29 05:52:48.140356+00:00
01-03-2023,206.2100067,207.1999969,198.5200043,202.7700043,202.7700043,156852800,2026-07-29 05:52:48.140356+00:00
02-03-2023,186.7400055,193.75,186.0099945,190.8999939,190.8999939,181500700,2026-07-29 05:52:48.140356+00:00
03-03-2023,194.8000031,200.4799957,192.8800049,197.7899933,197.7899933,154193300,2026-07-29 05:52:48.140356+00:00
06-03-2023,198.5399933,198.6000061,192.3000031,193.8099976,193.8099976,128100100,2026-07-29 05:52:48.140356+00:00
07-03-2023,191.3800049,194.1999969,186.1000061,187.7100067,187.7100067,148125800,2026-07-29 05:52:48.140356+00:00
08-03-2023,185.0399933,186.5,180.0,182.0,182.0,151897800,2026-07-29 05:52:48.140356+00:00
09-03-2023,180.25,185.1799927,172.5099945,172.9199982,172.9199982,170023800,2026-07-29 05:52:48.140356+00:00
10-03-2023,175.1300049,178.2899933,168.4400024,173.4400024,173.4400024,191488900,2026-07-29 05:52:48.140356+00:00
13-03-2023,167.4600067,177.3500061,163.9100037,174.4799957,174.4799957,167790300,2026-07-29 05:52:48.140356+00:00
14-03-2023,177.3099976,183.8000031,177.1399994,183.2599945,183.2599945,143717900,2026-07-29 05:52:48.140356+00:00
15-03-2023,180.8000031,182.3399963,176.0299988,180.4499969,180.4499969,145995600,2026-07-29 05:52:48.140356+00:00
16-03-2023,180.3699951,185.8099976,178.8399963,184.1300049,184.1300049,121136800,2026-07-29 05:52:48.140356+00:00
17-03-2023,184.5200043,186.2200012,177.3300018,180.1300049,180.1300049,133197100,2026-07-29 05:52:48.140356+00:00
20-03-2023,178.0800018,186.4400024,176.3500061,183.25,183.25,129684400,2026-07-29 05:52:48.140356+00:00
21-03-2023,188.2799988,198.0,188.0399933,197.5800018,197.5800018,153391400,2026-07-29 05:52:48.140356+00:00
22-03-2023,199.3000031,200.6600037,190.9499969,191.1499939,191.1499939,150376400,2026-07-29 05:52:48.140356+00:00
23-03-2023,195.2599945,199.3099976,188.6499939,192.2200012,192.2200012,144193900,2026-07-29 05:52:48.140356+00:00
24-03-2023,191.6499939,192.3600006,187.1499939,190.4100037,190.4100037,116312400,2026-07-29 05:52:48.140356+00:00
27-03-2023,194.4199982,197.3899994,189.9400024,191.8099976,191.8099976,120851600,2026-07-29 05:52:48.140356+00:00
28-03-2023,192.0,192.3500061,185.4299927,189.1900024,189.1900024,98654600,2026-07-29 05:52:48.140356+00:00
29-03-2023,193.1300049,195.2899933,189.4400024,193.8800049,193.8800049,123660000,2026-07-29 05:52:48.140356+00:00
30-03-2023,195.5800018,197.3300018,194.4199982,195.2799988,195.2799988,110252200,2026-07-29 05:52:48.140356+00:00
31-03-2023,197.5299988,207.7899933,197.1999969,207.4600067,207.4600067,170222100,2026-07-29 05:52:48.140356+00:00
03-04-2023,199.9100037,202.6900024,192.1999969,194.7700043,194.7700043,169545900,2026-07-29 05:52:48.140356+00:00
04-04-2023,197.3200073,198.7400055,190.3200073,192.5800018,192.5800018,126463800,2026-07-29 05:52:48.140356+00:00
05-04-2023,190.5200043,190.6799927,183.7599945,185.5200043,185.5200043,133882500,2026-07-29 05:52:48.140356+00:00
06-04-2023,183.0800018,186.3899994,179.7400055,185.0599976,185.0599976,123857900,2026-07-29 05:52:48.140356+00:00
10-04-2023,179.9400024,185.1000061,176.1100006,184.5099945,184.5099945,142154600,2026-07-29 05:52:48.140356+00:00
11-04-2023,186.6900024,189.1900024,185.6499939,186.7899933,186.7899933,115770900,2026-07-29 05:52:48.140356+00:00
12-04-2023,190.7400055,191.5800018,180.3099976,180.5399933,180.5399933,150256300,2026-07-29 05:52:48.140356+00:00
13-04-2023,182.9600067,186.5,180.9400024,185.8999939,185.8999939,112933000,2026-07-29 05:52:48.140356+00:00
14-04-2023,183.9499969,186.2799988,182.0099945,185.0,185.0,96438700,2026-07-29 05:52:48.140356+00:00
17-04-2023,186.3200073,189.6900024,182.6900024,187.0399933,187.0399933,116662200,2026-07-29 05:52:48.140356+00:00
18-04-2023,187.1499939,187.6900024,183.5800018,184.3099976,184.3099976,92067000,2026-07-29 05:52:48.140356+00:00
19-04-2023,179.1000061,183.5,177.6499939,180.5899963,180.5899963,125732700,2026-07-29 05:52:48.140356+00:00
20-04-2023,166.1699982,169.6999969,160.5599976,162.9900055,162.9900055,210970800,2026-07-29 05:52:48.140356+00:00
21-04-2023,164.8000031,166.0,161.3200073,165.0800018,165.0800018,123539000,2026-07-29 05:52:48.140356+00:00
24-04-2023,164.6499939,165.6499939,158.6100006,162.5500031,162.5500031,140006600,2026-07-29 05:52:48.140356+00:00
25-04-2023,159.8200073,163.4700012,158.75,160.6699982,160.6699982,121999300,2026-07-29 05:52:48.140356+00:00
26-04-2023,160.2899933,160.6699982,153.1399994,153.75,153.75,153364100,2026-07-29 05:52:48.140356+00:00
27-04-2023,152.6399994,160.4799957,152.3699951,160.1900024,160.1900024,127015200,2026-07-29 05:52:48.140356+00:00
28-04-2023,160.8999939,165.0,157.3200073,164.3099976,164.3099976,122515800,2026-07-29 05:52:48.140356+00:00
01-05-2023,163.1699982,163.2799988,158.8300018,161.8300018,161.8300018,109015000,2026-07-29 05:52:48.140356+00:00
02-05-2023,161.8800049,165.4900055,158.9299927,160.3099976,160.3099976,128259700,2026-07-29 05:52:48.140356+00:00
03-05-2023,160.0099945,165.0,159.9100037,160.6100006,160.6100006,119728000,2026-07-29 05:52:48.140356+00:00
04-05-2023,162.7100067,162.9499969,159.6499939,161.1999969,161.1999969,95108500,2026-07-29 05:52:48.140356+00:00
05-05-2023,163.9700012,170.7899933,163.5099945,170.0599976,170.0599976,107607300,2026-07-29 05:52:48.140356+00:00
08-05-2023,173.7200012,173.8000031,169.1900024,171.7899933,171.7899933,112249400,2026-07-29 05:52:48.140356+00:00
09-05-2023,168.9499969,169.8200073,166.5599976,169.1499939,169.1499939,88965000,2026-07-29 05:52:48.140356+00:00
10-05-2023,172.5500031,174.4299927,166.6799927,168.5399933,168.5399933,119840700,2026-07-29 05:52:48.140356+00:00
11-05-2023,168.6999969,173.5700073,166.7899933,172.0800018,172.0800018,103889900,2026-07-29 05:52:48.140356+00:00
12-05-2023,176.0700073,177.3800049,167.2299957,167.9799957,167.9799957,157849600,2026-07-29 05:52:48.140356+00:00
15-05-2023,167.6600037,169.7599945,164.5500031,166.3500061,166.3500061,105592500,2026-07-29 05:52:48.140356+00:00
16-05-2023,165.6499939,169.5200043,164.3500061,166.5200043,166.5200043,98288800,2026-07-29 05:52:48.140356+00:00
17-05-2023,168.4100037,174.5,167.1900024,173.8600006,173.8600006,125473600,2026-07-29 05:52:48.140356+00:00
18-05-2023,174.2200012,177.0599976,172.4499969,176.8899994,176.8899994,109520300,2026-07-29 05:52:48.140356+00:00
19-05-2023,177.1699982,181.9499969,176.3099976,180.1399994,180.1399994,136196700,2026-07-29 05:52:48.140356+00:00
22-05-2023,180.6999969,189.3200073,180.1100006,188.8699951,188.8699951,132001400,2026-07-29 05:52:48.140356+00:00
23-05-2023,186.1999969,192.9600067,185.2599945,185.7700043,185.7700043,156952100,2026-07-29 05:52:48.140356+00:00
24-05-2023,182.2299957,184.2200012,178.2200012,182.8999939,182.8999939,137605100,2026-07-29 05:52:48.140356+00:00
25-05-2023,186.5399933,186.7799988,180.5800018,184.4700012,184.4700012,96870700,2026-07-29 05:52:48.140356+00:00
26-05-2023,184.6199951,198.6000061,184.5299988,193.1699982,193.1699982,162061500,2026-07-29 05:52:48.140356+00:00
30-05-2023,200.1000061,204.4799957,197.5299988,201.1600037,201.1600037,128818700,2026-07-29 05:52:48.140356+00:00
31-05-2023,199.7799988,203.9499969,195.1199951,203.9299927,203.9299927,150711700,2026-07-29 05:52:48.140356+00:00
01-06-2023,202.5899963,209.8000031,199.3699951,207.5200043,207.5200043,148029900,2026-07-29 05:52:48.140356+00:00
02-06-2023,210.1499939,217.25,209.75,213.9700012,213.9700012,164398400,2026-07-29 05:52:48.140356+00:00
05-06-2023,217.8000031,221.2899933,214.5200043,217.6100006,217.6100006,151143100,2026-07-29 05:52:48.140356+00:00
06-06-2023,216.1399994,221.9100037,212.5299988,221.3099976,221.3099976,146911600,2026-07-29 05:52:48.140356+00:00
07-06-2023,228.0,230.8300018,223.1999969,224.5700073,224.5700073,185710800,2026-07-29 05:52:48.140356+00:00
08-06-2023,224.2200012,235.2299957,223.0099945,234.8600006,234.8600006,164489700,2026-07-29 05:52:48.140356+00:00
09-06-2023,249.0700073,252.4199982,242.0200043,244.3999939,244.3999939,200242400,2026-07-29 05:52:48.140356+00:00
12-06-2023,247.9400024,250.9700012,244.5899963,249.8300018,249.8300018,150337900,2026-07-29 05:52:48.140356+00:00
13-06-2023,253.5099945,259.6799927,251.3399963,258.7099915,258.7099915,162384300,2026-07-29 05:52:48.140356+00:00
14-06-2023,260.1700134,261.5700073,250.5,256.7900085,256.7900085,170575500,2026-07-29 05:52:48.140356+00:00
15-06-2023,248.3999939,258.9500122,247.2899933,255.8999939,255.8999939,160171200,2026-07-29 05:52:48.140356+00:00
16-06-2023,258.9200134,263.6000061,257.2099915,260.5400085,260.5400085,167915600,2026-07-29 05:52:48.140356+00:00
20-06-2023,261.5,274.75,261.1199951,274.4500122,274.4500122,165611200,2026-07-29 05:52:48.140356+00:00
21-06-2023,275.1300049,276.9899902,257.7799988,259.4599915,259.4599915,211797100,2026-07-29 05:52:48.140356+00:00
22-06-2023,250.7700043,265.0,248.25,264.6099854,264.6099854,166875900,2026-07-29 05:52:48.140356+00:00
23-06-2023,259.2900085,262.4500122,252.8000031,256.6000061,256.6000061,177460800,2026-07-29 05:52:48.140356+00:00
26-06-2023,250.0700073,258.3699951,240.6999969,241.0500031,241.0500031,179990600,2026-07-29 05:52:48.140356+00:00
27-06-2023,243.2400055,250.3899994,240.8500061,250.2100067,250.2100067,164968200,2026-07-29 05:52:48.140356+00:00
28-06-2023,249.6999969,259.8800049,248.8899994,256.2399902,256.2399902,159770800,2026-07-29 05:52:48.140356+00:00
29-06-2023,258.0299988,260.7399902,253.6100006,257.5,257.5,131283400,2026-07-29 05:52:48.140356+00:00
30-06-2023,260.6000061,264.4500122,259.8900146,261.769989,261.769989,112620800,2026-07-29 05:52:48.140356+00:00
03-07-2023,276.4899902,284.25,275.1099854,279.8200073,279.8200073,119685900,2026-07-29 05:52:48.140356+00:00
05-07-2023,278.8200073,283.8500061,277.6000061,282.480011,282.480011,131530900,2026-07-29 05:52:48.140356+00:00
06-07-2023,278.0899963,279.9700012,272.8800049,276.5400085,276.5400085,120332100,2026-07-29 05:52:48.140356+00:00
07-07-2023,278.4299927,280.7799988,273.769989,274.4299927,274.4299927,113879200,2026-07-29 05:52:48.140356+00:00
10-07-2023,276.4700012,277.519989,265.1000061,269.6099854,269.6099854,119425400,2026-07-29 05:52:48.140356+00:00
11-07-2023,268.6499939,270.8999939,266.3699951,269.7900085,269.7900085,91972400,2026-07-29 05:52:48.140356+00:00
12-07-2023,276.3299866,276.519989,271.4599915,271.9899902,271.9899902,95672100,2026-07-29 05:52:48.140356+00:00
13-07-2023,274.5899963,279.4500122,270.6000061,277.8999939,277.8999939,112681500,2026-07-29 05:52:48.140356+00:00
14-07-2023,277.0100098,285.2999878,276.3099976,281.3800049,281.3800049,120062400,2026-07-29 05:52:48.140356+00:00
17-07-2023,286.6300049,292.230011,283.5700073,290.3800049,290.3800049,131569600,2026-07-29 05:52:48.140356+00:00
18-07-2023,290.1499939,295.2600098,286.0100098,293.3399963,293.3399963,112120300,2026-07-29 05:52:48.140356+00:00
19-07-2023,296.0400085,299.2900085,289.519989,291.2600098,291.2600098,142355400,2026-07-29 05:52:48.140356+00:00
20-07-2023,279.5599976,280.9299927,261.2000122,262.8999939,262.8999939,175158300,2026-07-29 05:52:48.140356+00:00
21-07-2023,268.0,268.0,255.8000031,260.019989,260.019989,161796100,2026-07-29 05:52:48.140356+00:00
24-07-2023,255.8500061,269.8500061,254.1199951,269.0599976,269.0599976,136508500,2026-07-29 05:52:48.140356+00:00
25-07-2023,272.3800049,272.8999939,265.0,265.2799988,265.2799988,112757300,2026-07-29 05:52:48.140356+00:00
26-07-2023,263.25,268.0400085,261.75,264.3500061,264.3500061,95856200,2026-07-29 05:52:48.140356+00:00
27-07-2023,268.3099976,269.1300049,255.3000031,255.7100067,255.7100067,103697300,2026-07-29 05:52:48.140356+00:00
28-07-2023,259.8599854,267.25,258.230011,266.4400024,266.4400024,111446000,2026-07-29 05:52:48.140356+00:00
31-07-2023,267.480011,269.0799866,263.7799988,267.4299927,267.4299927,84582200,2026-07-29 05:52:48.140356+00:00
01-08-2023,266.2600098,266.4700012,260.25,261.0700073,261.0700073,83166000,2026-07-29 05:52:48.140356+00:00
02-08-2023,255.5700073,259.519989,250.4900055,254.1100006,254.1100006,101752900,2026-07-29 05:52:48.140356+00:00
03-08-2023,252.0399933,260.4899902,252.0,259.3200073,259.3200073,97569100,2026-07-29 05:52:48.140356+00:00
04-08-2023,260.9700012,264.769989,253.1100006,253.8600006,253.8600006,99539900,2026-07-29 05:52:48.140356+00:00
07-08-2023,251.4499969,253.6499939,242.7599945,251.4499969,251.4499969,111097900,2026-07-29 05:52:48.140356+00:00
08-08-2023,247.4499969,250.9199982,245.0099945,249.6999969,249.6999969,96642200,2026-07-29 05:52:48.140356+00:00
09-08-2023,250.8699951,251.1000061,241.8999939,242.1900024,242.1900024,101596300,2026-07-29 05:52:48.140356+00:00
10-08-2023,245.3999939,251.8000031,243.0,245.3399963,245.3399963,109498600,2026-07-29 05:52:48.140356+00:00
11-08-2023,241.7700043,243.7899933,238.0200043,242.6499939,242.6499939,99038600,2026-07-29 05:52:48.140356+00:00
14-08-2023,235.6999969,240.6600037,233.75,239.7599945,239.7599945,98595300,2026-07-29 05:52:48.140356+00:00
15-08-2023,238.7299957,240.5,232.6100006,232.9600067,232.9600067,88197600,2026-07-29 05:52:48.140356+00:00
16-08-2023,228.0200043,233.9700012,225.3800049,225.6000061,225.6000061,112484500,2026-07-29 05:52:48.140356+00:00
17-08-2023,226.0599976,226.7400055,218.8300018,219.2200012,219.2200012,120718400,2026-07-29 05:52:48.140356+00:00
18-08-2023,214.1199951,217.5800018,212.3600006,215.4900055,215.4900055,136276600,2026-07-29 05:52:48.140356+00:00
21-08-2023,221.5500031,232.1300049,220.5800018,231.2799988,231.2799988,135702700,2026-07-29 05:52:48.140356+00:00
22-08-2023,240.25,240.8200073,229.5500031,233.1900024,233.1900024,130442800,2026-07-29 05:52:48.140356+00:00
23-08-2023,229.3399963,238.9799957,229.2899933,236.8600006,236.8600006,101077600,2026-07-29 05:52:48.140356+00:00
24-08-2023,238.6600037,238.9199982,228.1799927,230.0399933,230.0399933,99777400,2026-07-29 05:52:48.140356+00:00
25-08-2023,231.3099976,239.0,230.3500061,238.5899963,238.5899963,106612200,2026-07-29 05:52:48.140356+00:00
28-08-2023,242.5800018,244.3800049,235.3500061,238.8200073,238.8200073,107673700,2026-07-29 05:52:48.140356+00:00
29-08-2023,238.5800018,257.480011,237.7700043,257.1799927,257.1799927,134047600,2026-07-29 05:52:48.140356+00:00
30-08-2023,254.1999969,260.5100098,250.5899963,256.8999939,256.8999939,121988400,2026-07-29 05:52:48.140356+00:00
31-08-2023,255.9799957,261.1799927,255.0500031,258.0799866,258.0799866,108861700,2026-07-29 05:52:48.140356+00:00
01-09-2023,257.2600098,259.0799866,242.0099945,245.0099945,245.0099945,132541600,2026-07-29 05:52:48.140356+00:00
05-09-2023,245.0,258.0,244.8600006,256.4899902,256.4899902,129469600,2026-07-29 05:52:48.140356+00:00
06-09-2023,255.1399994,255.3899994,245.0599976,251.9199982,251.9199982,116959800,2026-07-29 05:52:48.140356+00:00
07-09-2023,245.0700073,252.8099976,243.2700043,251.4900055,251.4900055,115312900,2026-07-29 05:52:48.140356+00:00
08-09-2023,251.2200012,256.519989,246.6699982,248.5,248.5,118367700,2026-07-29 05:52:48.140356+00:00
11-09-2023,264.269989,274.8500061,260.6099854,273.5799866,273.5799866,174667900,2026-07-29 05:52:48.140356+00:00
12-09-2023,270.7600098,278.3900146,266.6000061,267.480011,267.480011,135999900,2026-07-29 05:52:48.140356+00:00
13-09-2023,270.0700073,274.980011,268.1000061,271.2999878,271.2999878,111673700,2026-07-29 05:52:48.140356+00:00
14-09-2023,271.3200073,276.7099915,270.4200134,276.0400085,276.0400085,107709800,2026-07-29 05:52:48.140356+00:00
15-09-2023,277.5499878,278.980011,271.0,274.3900146,274.3900146,133692300,2026-07-29 05:52:48.140356+00:00
18-09-2023,271.1600037,271.4400024,263.7600098,265.2799988,265.2799988,101543300,2026-07-29 05:52:48.140356+00:00
19-09-2023,264.3500061,267.8500061,261.2000122,266.5,266.5,103704000,2026-07-29 05:52:48.140356+00:00
20-09-2023,267.0400085,273.9299927,262.4599915,262.5899963,262.5899963,122514600,2026-07-29 05:52:48.140356+00:00
21-09-2023,257.8500061,260.8599854,254.2100067,255.6999969,255.6999969,119951500,2026-07-29 05:52:48.140356+00:00
22-09-2023,257.3999939,257.7900085,244.4799957,244.8800049,244.8800049,127524100,2026-07-29 05:52:48.140356+00:00
25-09-2023,243.3800049,247.1000061,238.3099976,246.9900055,246.9900055,104636600,2026-07-29 05:52:48.140356+00:00
26-09-2023,242.9799957,249.5500031,241.6600037,244.1199951,244.1199951,101993600,2026-07-29 05:52:48.140356+00:00
27-09-2023,244.2599945,245.3300018,234.5800018,240.5,240.5,136597200,2026-07-29 05:52:48.140356+00:00
28-09-2023,240.0200043,247.5500031,238.6499939,246.3800049,246.3800049,117058900,2026-07-29 05:52:48.140356+00:00
29-09-2023,250.0,254.7700043,246.3500061,250.2200012,250.2200012,128522700,2026-07-29 05:52:48.140356+00:00
02-10-2023,244.8099976,254.2799988,242.6199951,251.6000061,251.6000061,123810400,2026-07-29 05:52:48.140356+00:00
03-10-2023,248.6100006,250.0200043,244.4499969,246.5299988,246.5299988,101985300,2026-07-29 05:52:48.140356+00:00
04-10-2023,248.1399994,261.8599854,247.6000061,261.1600037,261.1600037,129721600,2026-07-29 05:52:48.140356+00:00
05-10-2023,260.0,263.6000061,256.25,260.0499878,260.0499878,119159200,2026-07-29 05:52:48.140356+00:00
06-10-2023,253.9799957,261.6499939,250.6499939,260.5299988,260.5299988,118121800,2026-07-29 05:52:48.140356+00:00
09-10-2023,255.3099976,261.3599854,252.0500031,259.6700134,259.6700134,101377900,2026-07-29 05:52:48.140356+00:00
10-10-2023,257.75,268.9400024,257.6499939,263.6199951,263.6199951,122656000,2026-07-29 05:52:48.140356+00:00
11-10-2023,266.2000122,268.6000061,260.8999939,262.9899902,262.9899902,103706300,2026-07-29 05:52:48.140356+00:00
12-10-2023,262.9200134,265.4100037,256.6300049,258.8699951,258.8699951,111508100,2026-07-29 05:52:48.140356+00:00
13-10-2023,258.8999939,259.6000061,250.2200012,251.1199951,251.1199951,102073800,2026-07-29 05:52:48.140356+00:00
16-10-2023,250.0500031,255.3999939,248.4799957,253.9199982,253.9199982,88917200,2026-07-29 05:52:48.140356+00:00
17-10-2023,250.1000061,257.1799927,247.0800018,254.8500061,254.8500061,93562900,2026-07-29 05:52:48.140356+00:00
18-10-2023,252.6999969,254.6300049,242.0800018,242.6799927,242.6799927,125147800,2026-07-29 05:52:48.140356+00:00
19-10-2023,225.9499969,230.6100006,216.7799988,220.1100006,220.1100006,170772700,2026-07-29 05:52:48.140356+00:00
20-10-2023,217.0099945,218.8600006,210.4199982,211.9900055,211.9900055,138010100,2026-07-29 05:52:48.140356+00:00
23-10-2023,210.0,216.9799957,202.5099945,212.0800018,212.0800018,150683400,2026-07-29 05:52:48.140356+00:00
24-10-2023,216.5,222.0500031,214.1100006,216.5200043,216.5200043,118231100,2026-07-29 05:52:48.140356+00:00
25-10-2023,215.8800049,220.1000061,212.1999969,212.4199982,212.4199982,107065100,2026-07-29 05:52:48.140356+00:00
26-10-2023,211.3200073,214.8000031,204.8800049,205.7599945,205.7599945,115112600,2026-07-29 05:52:48.140356+00:00
27-10-2023,210.6000061,212.4100037,205.7700043,207.3000031,207.3000031,94881200,2026-07-29 05:52:48.140356+00:00
30-10-2023,209.2799988,210.8800049,194.6699982,197.3600006,197.3600006,136448200,2026-07-29 05:52:48.140356+00:00
31-10-2023,196.1199951,202.8000031,194.0700073,200.8399963,200.8399963,118068300,2026-07-29 05:52:48.140356+00:00
01-11-2023,204.0399933,205.9900055,197.8500061,205.6600037,205.6600037,121661700,2026-07-29 05:52:48.140356+00:00
02-11-2023,212.9700012,219.1999969,211.4499969,218.5099945,218.5099945,125987600,2026-07-29 05:52:48.140356+00:00
03-11-2023,221.1499939,226.3699951,218.3999939,219.9600067,219.9600067,119534800,2026-07-29 05:52:48.140356+00:00
06-11-2023,223.9799957,226.3200073,215.0,219.2700043,219.2700043,117335800,2026-07-29 05:52:48.140356+00:00
07-11-2023,219.9799957,223.1199951,215.7200012,222.1799927,222.1799927,116900100,2026-07-29 05:52:48.140356+00:00
08-11-2023,223.1499939,224.1499939,217.6399994,222.1100006,222.1100006,106584800,2026-07-29 05:52:48.140356+00:00
09-11-2023,219.75,220.8000031,206.6799927,209.9799957,209.9799957,142110500,2026-07-29 05:52:48.140356+00:00
10-11-2023,210.0299988,215.3800049,205.6900024,214.6499939,214.6499939,130994000,2026-07-29 05:52:48.140356+00:00
13-11-2023,215.6000061,225.3999939,211.6100006,223.7100067,223.7100067,140447600,2026-07-29 05:52:48.140356+00:00
14-11-2023,235.0299988,238.1399994,230.7200012,237.4100037,237.4100037,149771600,2026-07-29 05:52:48.140356+00:00
15-11-2023,239.2899933,246.6999969,236.4499969,242.8399963,242.8399963,150354000,2026-07-29 05:52:48.140356+00:00
16-11-2023,239.4900055,240.8800049,230.9600067,233.5899963,233.5899963,136816800,2026-07-29 05:52:48.140356+00:00
17-11-2023,232.0,237.3899994,226.5399933,234.3000031,234.3000031,142532800,2026-07-29 05:52:48.140356+00:00
20-11-2023,234.0399933,237.1000061,231.0200043,235.6000061,235.6000061,116320100,2026-07-29 05:52:48.140356+00:00
21-11-2023,235.0399933,243.6199951,233.3399963,241.1999969,241.1999969,122288000,2026-07-29 05:52:48.140356+00:00
22-11-2023,242.0399933,244.0099945,231.3999939,234.2100067,234.2100067,117950600,2026-07-29 05:52:48.140356+00:00
24-11-2023,233.75,238.75,232.3300018,235.4499969,235.4499969,65125200,2026-07-29 05:52:48.140356+00:00
27-11-2023,236.8899994,238.3300018,232.1000061,236.0800018,236.0800018,112031800,2026-07-29 05:52:48.140356+00:00
28-11-2023,236.6799927,247.0,234.0099945,246.7200012,246.7200012,148549900,2026-07-29 05:52:48.140356+00:00
29-11-2023,249.2100067,252.75,242.7599945,244.1399994,244.1399994,135401300,2026-07-29 05:52:48.140356+00:00
30-11-2023,245.1399994,245.2200012,236.9100037,240.0800018,240.0800018,132353200,2026-07-29 05:52:48.140356+00:00
01-12-2023,233.1399994,240.1900024,231.8999939,238.8300018,238.8300018,121331700,2026-07-29 05:52:48.140356+00:00
04-12-2023,235.75,239.3699951,233.2899933,235.5800018,235.5800018,104099800,2026-07-29 05:52:48.140356+00:00
05-12-2023,233.8699951,246.6600037,233.6999969,238.7200012,238.7200012,137971100,2026-07-29 05:52:48.140356+00:00
06-12-2023,242.9199982,246.5700073,239.1699982,239.3699951,239.3699951,126436200,2026-07-29 05:52:48.140356+00:00
07-12-2023,241.5500031,244.0800018,236.9799957,242.6399994,242.6399994,107142300,2026-07-29 05:52:48.140356+00:00
08-12-2023,240.2700043,245.2700043,239.2700043,243.8399963,243.8399963,103126800,2026-07-29 05:52:48.140356+00:00
11-12-2023,242.7400055,243.4400024,237.4499969,239.7400055,239.7400055,97913900,2026-07-29 05:52:48.140356+00:00
12-12-2023,238.5500031,238.9900055,233.8699951,237.0099945,237.0099945,95328300,2026-07-29 05:52:48.140356+00:00
13-12-2023,234.1900024,240.3000031,228.1999969,239.2899933,239.2899933,146286300,2026-07-29 05:52:48.140356+00:00
14-12-2023,241.2200012,253.8800049,240.7899933,251.0500031,251.0500031,160829200,2026-07-29 05:52:48.140356+00:00
15-12-2023,251.2100067,254.1300049,248.3000031,253.5,253.5,135932800,2026-07-29 05:52:48.140356+00:00
18-12-2023,253.7799988,258.7399902,251.3600006,252.0800018,252.0800018,116416500,2026-07-29 05:52:48.140356+00:00
19-12-2023,253.4799957,258.3399963,253.0099945,257.2200012,257.2200012,106737400,2026-07-29 05:52:48.140356+00:00
20-12-2023,256.4100037,259.8399963,247.0,247.1399994,247.1399994,125097000,2026-07-29 05:52:48.140356+00:00
21-12-2023,251.8999939,254.8000031,248.5500031,254.5,254.5,109594200,2026-07-29 05:52:48.140356+00:00
22-12-2023,256.7600098,258.2200012,251.3699951,252.5399933,252.5399933,93370100,2026-07-29 05:52:48.140356+00:00
26-12-2023,254.4900055,257.9700012,252.9100037,256.6099854,256.6099854,86892400,2026-07-29 05:52:48.140356+00:00
27-12-2023,258.3500061,263.3399963,257.519989,261.4400024,261.4400024,106494400,2026-07-29 05:52:48.140356+00:00
28-12-2023,263.6600037,265.1300049,252.7100067,253.1799927,253.1799927,113619900,2026-07-29 05:52:48.140356+00:00
29-12-2023,255.1000061,255.1900024,247.4299927,248.4799957,248.4799957,100891600,2026-07-29 05:52:48.140356+00:00
02-01-2024,250.0800018,251.25,244.4100037,248.4199982,248.4199982,104654200,2026-07-29 05:52:48.140356+00:00
03-01-2024,244.9799957,245.6799927,236.3200073,238.4499969,238.4499969,121082600,2026-07-29 05:52:48.140356+00:00
04-01-2024,239.25,242.6999969,237.7299957,237.9299927,237.9299927,102629300,2026-07-29 05:52:48.140356+00:00
05-01-2024,236.8600006,240.1199951,234.8999939,237.4900055,237.4900055,92488900,2026-07-29 05:52:48.140356+00:00
08-01-2024,236.1399994,241.25,235.3000031,240.4499969,240.4499969,85166600,2026-07-29 05:52:48.140356+00:00
09-01-2024,238.1100006,238.9600067,232.0399933,234.9600067,234.9600067,96705700,2026-07-29 05:52:48.140356+00:00
10-01-2024,235.1000061,235.5,231.2899933,233.9400024,233.9400024,91628500,2026-07-29 05:52:48.140356+00:00
11-01-2024,230.5700073,230.9299927,225.3699951,227.2200012,227.2200012,105873600,2026-07-29 05:52:48.140356+00:00
12-01-2024,220.0800018,225.3399963,217.1499939,218.8899994,218.8899994,123043800,2026-07-29 05:52:48.140356+00:00
16-01-2024,215.1000061,223.4900055,212.1799927,219.9100037,219.9100037,115355000,2026-07-29 05:52:48.140356+00:00
17-01-2024,214.8600006,215.6699982,212.0099945,215.5500031,215.5500031,103164400,2026-07-29 05:52:48.140356+00:00
18-01-2024,216.8800049,217.4499969,208.7400055,211.8800049,211.8800049,108595400,2026-07-29 05:52:48.140356+00:00
19-01-2024,209.9900055,213.1900024,207.5599976,212.1900024,212.1900024,102260300,2026-07-29 05:52:48.140356+00:00
22-01-2024,212.2599945,217.8000031,206.2700043,208.8000031,208.8000031,117952500,2026-07-29 05:52:48.140356+00:00
23-01-2024,211.3000031,215.6499939,207.75,209.1399994,209.1399994,106605900,2026-07-29 05:52:48.140356+00:00
24-01-2024,211.8800049,212.7299957,206.7700043,207.8300018,207.8300018,123369900,2026-07-29 05:52:48.140356+00:00
25-01-2024,189.6999969,193.0,180.0599976,182.6300049,182.6300049,198076800,2026-07-29 05:52:48.140356+00:00
26-01-2024,185.5,186.7799988,182.1000061,183.25,183.25,107343200,2026-07-29 05:52:48.140356+00:00
29-01-2024,185.6300049,191.4799957,183.6699982,190.9299927,190.9299927,125013100,2026-07-29 05:52:48.140356+00:00
30-01-2024,195.3300018,196.3600006,190.6100006,191.5899963,191.5899963,109982300,2026-07-29 05:52:48.140356+00:00
31-01-2024,187.0,193.9700012,185.8500061,187.2899933,187.2899933,103221400,2026-07-29 05:52:48.140356+00:00
01-02-2024,188.5,189.8800049,184.2799988,188.8600006,188.8600006,91843300,2026-07-29 05:52:48.140356+00:00
02-02-2024,185.0399933,188.6900024,182.0,187.9100037,187.9100037,110612700,2026-07-29 05:52:48.140356+00:00
05-02-2024,184.2599945,184.6799927,175.0099945,181.0599976,181.0599976,134294400,2026-07-29 05:52:48.140356+00:00
06-02-2024,177.2100067,186.4900055,177.1100006,185.1000061,185.1000061,122676000,2026-07-29 05:52:48.140356+00:00
07-02-2024,188.1799927,189.7899933,182.6799927,187.5800018,187.5800018,111535200,2026-07-29 05:52:48.140356+00:00
08-02-2024,189.0,191.6199951,185.5800018,189.5599976,189.5599976,83034000,2026-07-29 05:52:48.140356+00:00
09-02-2024,190.1799927,194.1199951,189.4799957,193.5700073,193.5700073,84476300,2026-07-29 05:52:48.140356+00:00
12-02-2024,192.1100006,194.7299957,187.2799988,188.1300049,188.1300049,95498600,2026-07-29 05:52:48.140356+00:00
13-02-2024,183.9900055,187.2599945,182.1100006,184.0200043,184.0200043,86759500,2026-07-29 05:52:48.140356+00:00
14-02-2024,185.3000031,188.8899994,183.3500061,188.7100067,188.7100067,81203000,2026-07-29 05:52:48.140356+00:00
15-02-2024,189.1600037,200.8800049,188.8600006,200.4499969,200.4499969,120831800,2026-07-29 05:52:48.140356+00:00
16-02-2024,202.0599976,203.1699982,197.3999939,199.9499969,199.9499969,111346700,2026-07-29 05:52:48.140356+00:00
20-02-2024,196.1300049,198.6000061,189.1300049,193.7599945,193.7599945,104545800,2026-07-29 05:52:48.140356+00:00
21-02-2024,193.3600006,199.4400024,191.9499969,194.7700043,194.7700043,103500300,2026-07-29 05:52:48.140356+00:00
22-02-2024,194.0,198.3200073,191.3600006,197.4100037,197.4100037,92739500,2026-07-29 05:52:48.140356+00:00
23-02-2024,195.3099976,197.5700073,191.5,191.9700012,191.9700012,78841900,2026-07-29 05:52:48.140356+00:00
26-02-2024,192.2899933,201.7799988,192.0,199.3999939,199.3999939,111747100,2026-07-29 05:52:48.140356+00:00
27-02-2024,204.0399933,205.6000061,198.2599945,199.7299957,199.7299957,108645400,2026-07-29 05:52:48.140356+00:00
28-02-2024,200.4199982,205.3000031,198.4400024,202.0399933,202.0399933,99806200,2026-07-29 05:52:48.140356+00:00
29-02-2024,204.1799927,205.2799988,198.4499969,201.8800049,201.8800049,85907000,2026-07-29 05:52:48.140356+00:00
01-03-2024,200.5200043,204.5200043,198.5,202.6399994,202.6399994,82243100,2026-07-29 05:52:48.140356+00:00
04-03-2024,198.7299957,199.75,186.7200012,188.1399994,188.1399994,134334900,2026-07-29 05:52:48.140356+00:00
05-03-2024,183.0500031,184.5899963,177.5700073,180.7400055,180.7400055,119660800,2026-07-29 05:52:48.140356+00:00
06-03-2024,179.9900055,181.5800018,173.6999969,176.5399933,176.5399933,107920900,2026-07-29 05:52:48.140356+00:00
07-03-2024,174.3500061,180.0399933,173.6999969,178.6499939,178.6499939,102129000,2026-07-29 05:52:48.140356+00:00
08-03-2024,181.5,182.7299957,174.6999969,175.3399963,175.3399963,85544600,2026-07-29 05:52:48.140356+00:00
11-03-2024,175.4499969,182.8699951,174.8000031,177.7700043,177.7700043,85391500,2026-07-29 05:52:48.140356+00:00
12-03-2024,177.7700043,179.4299927,172.4100037,177.5399933,177.5399933,87391700,2026-07-29 05:52:48.140356+00:00
13-03-2024,173.0500031,176.0500031,169.1499939,169.4799957,169.4799957,106524500,2026-07-29 05:52:48.140356+00:00
14-03-2024,167.7700043,171.1699982,160.5099945,162.5,162.5,126325700,2026-07-29 05:52:48.140356+00:00
15-03-2024,163.1600037,165.1799927,160.7599945,163.5700073,163.5700073,97146800,2026-07-29 05:52:48.140356+00:00
18-03-2024,170.0200043,174.7200012,165.8999939,173.8000031,173.8000031,108214400,2026-07-29 05:52:48.140356+00:00
19-03-2024,172.3600006,172.8200073,167.4199982,171.3200073,171.3200073,77271400,2026-07-29 05:52:48.140356+00:00
20-03-2024,173.0,176.25,170.8200073,175.6600037,175.6600037,83846700,2026-07-29 05:52:48.140356+00:00
21-03-2024,176.3899994,178.1799927,171.8000031,172.8200073,172.8200073,73178000,2026-07-29 05:52:48.140356+00:00
22-03-2024,166.6900024,171.1999969,166.3000031,170.8300018,170.8300018,75580600,2026-07-29 05:52:48.140356+00:00
25-03-2024,168.7599945,175.2400055,168.7299957,172.6300049,172.6300049,74228600,2026-07-29 05:52:48.140356+00:00
26-03-2024,178.5800018,184.25,177.3800049,177.6699982,177.6699982,113186200,2026-07-29 05:52:48.140356+00:00
27-03-2024,181.4100037,181.9100037,176.0,179.8300018,179.8300018,81804000,2026-07-29 05:52:48.140356+00:00
28-03-2024,177.4499969,179.5700073,175.3000031,175.7899933,175.7899933,77654800,2026-07-29 05:52:48.140356+00:00
01-04-2024,176.1699982,176.75,170.2100067,175.2200012,175.2200012,81562100,2026-07-29 05:52:48.140356+00:00
02-04-2024,164.75,167.6900024,163.4299927,166.6300049,166.6300049,116650600,2026-07-29 05:52:48.140356+00:00
03-04-2024,164.0200043,168.8200073,163.2799988,168.3800049,168.3800049,82950100,2026-07-29 05:52:48.140356+00:00
04-04-2024,170.0700073,177.1900024,168.0099945,171.1100006,171.1100006,123162000,2026-07-29 05:52:48.140356+00:00
05-04-2024,169.0800018,170.8600006,160.5099945,164.8999939,164.8999939,143157600,2026-07-29 05:52:48.140356+00:00
08-04-2024,169.3399963,174.5,167.7899933,172.9799957,172.9799957,104423300,2026-07-29 05:52:48.140356+00:00
09-04-2024,172.9100037,179.2200012,171.9199982,176.8800049,176.8800049,102951700,2026-07-29 05:52:48.140356+00:00
10-04-2024,173.0399933,174.9299927,170.0099945,171.7599945,171.7599945,84532400,2026-07-29 05:52:48.140356+00:00
11-04-2024,172.5500031,175.8800049,168.5099945,174.6000061,174.6000061,94516000,2026-07-29 05:52:48.140356+00:00
12-04-2024,172.3399963,173.8099976,170.3600006,171.0500031,171.0500031,64722700,2026-07-29 05:52:48.140356+00:00
15-04-2024,170.2400055,170.6900024,161.3800049,161.4799957,161.4799957,100245300,2026-07-29 05:52:48.140356+00:00
16-04-2024,156.7400055,158.1900024,153.75,157.1100006,157.1100006,97000000,2026-07-29 05:52:48.140356+00:00
17-04-2024,157.6399994,158.3300018,153.7799988,155.4499969,155.4499969,82439700,2026-07-29 05:52:48.140356+00:00
18-04-2024,151.25,152.1999969,148.6999969,149.9299927,149.9299927,96098800,2026-07-29 05:52:48.140356+00:00
19-04-2024,148.9700012,150.9400024,146.2200012,147.0500031,147.0500031,87074500,2026-07-29 05:52:48.140356+00:00
22-04-2024,140.5599976,144.4400024,138.8000031,142.0500031,142.0500031,107097600,2026-07-29 05:52:48.140356+00:00
23-04-2024,143.3300018,147.2599945,141.1100006,144.6799927,144.6799927,124545100,2026-07-29 05:52:48.140356+00:00
24-04-2024,162.8399963,167.9700012,157.5099945,162.1300049,162.1300049,181178000,2026-07-29 05:52:48.140356+00:00
25-04-2024,158.9600067,170.8800049,158.3600006,170.1799927,170.1799927,126427500,2026-07-29 05:52:48.140356+00:00
26-04-2024,168.8500061,172.1199951,166.3699951,168.2899933,168.2899933,109815700,2026-07-29 05:52:48.140356+00:00
29-04-2024,188.4199982,198.8699951,184.5399933,194.0500031,194.0500031,243869700,2026-07-29 05:52:48.140356+00:00
30-04-2024,186.9799957,190.9499969,182.8399963,183.2799988,183.2799988,127031800,2026-07-29 05:52:48.140356+00:00
01-05-2024,182.0,185.8600006,179.0099945,179.9900055,179.9900055,92829700,2026-07-29 05:52:48.140356+00:00
02-05-2024,182.8600006,184.6000061,176.0200043,180.0099945,180.0099945,89148000,2026-07-29 05:52:48.140356+00:00
03-05-2024,182.1000061,184.7799988,178.4199982,181.1900024,181.1900024,75491500,2026-07-29 05:52:48.140356+00:00
06-05-2024,183.8000031,187.5599976,182.1999969,184.7599945,184.7599945,84390300,2026-07-29 05:52:48.140356+00:00
07-05-2024,182.3999939,183.2599945,177.3999939,177.8099976,177.8099976,75045900,2026-07-29 05:52:48.140356+00:00
08-05-2024,171.5899963,176.0599976,170.1499939,174.7200012,174.7200012,79969500,2026-07-29 05:52:48.140356+00:00
09-05-2024,175.0099945,175.6199951,171.3699951,171.9700012,171.9700012,65950300,2026-07-29 05:52:48.140356+00:00
10-05-2024,173.0500031,173.0599976,167.75,168.4700012,168.4700012,72627200,2026-07-29 05:52:48.140356+00:00
13-05-2024,170.0,175.3999939,169.0,171.8899994,171.8899994,67018900,2026-07-29 05:52:48.140356+00:00
14-05-2024,174.5,179.4900055,174.0700073,177.5500031,177.5500031,86407400,2026-07-29 05:52:48.140356+00:00
15-05-2024,179.8999939,180.0,173.1100006,173.9900055,173.9900055,79663000,2026-07-29 05:52:48.140356+00:00
16-05-2024,174.1000061,175.7899933,171.4299927,174.8399963,174.8399963,59812200,2026-07-29 05:52:48.140356+00:00
17-05-2024,173.5500031,179.6300049,172.75,177.4600067,177.4600067,77445800,2026-07-29 05:52:48.140356+00:00
20-05-2024,177.5599976,177.75,173.5200043,174.9499969,174.9499969,61727400,2026-07-29 05:52:48.140356+00:00
21-05-2024,175.5099945,186.8800049,174.7100067,186.6000061,186.6000061,115266500,2026-07-29 05:52:48.140356+00:00
22-05-2024,182.8500061,183.8000031,178.1199951,180.1100006,180.1100006,88313500,2026-07-29 05:52:48.140356+00:00
23-05-2024,181.8000031,181.8999939,173.2599945,173.7400055,173.7400055,71975500,2026-07-29 05:52:48.140356+00:00
24-05-2024,174.8399963,180.0800018,173.7299957,179.2400055,179.2400055,65584500,2026-07-29 05:52:48.140356+00:00
28-05-2024,176.3999939,178.25,173.1600037,176.75,176.75,59736600,2026-07-29 05:52:48.140356+00:00
29-05-2024,174.1900024,178.1499939,173.9299927,176.1900024,176.1900024,54782600,2026-07-29 05:52:48.140356+00:00
30-05-2024,178.5800018,182.6699982,175.3800049,178.7899933,178.7899933,77618400,2026-07-29 05:52:48.140356+00:00
31-05-2024,178.5,180.3200073,173.8200073,178.0800018,178.0800018,67314600,2026-07-29 05:52:48.140356+00:00
03-06-2024,178.1300049,182.6399994,174.4900055,176.2899933,176.2899933,68568900,2026-07-29 05:52:48.140356+00:00
04-06-2024,174.7799988,177.7599945,174.0,174.7700043,174.7700043,60056300,2026-07-29 05:52:48.140356+00:00
05-06-2024,175.3500061,176.1499939,172.1300049,175.0,175.0,57953800,2026-07-29 05:52:48.140356+00:00
06-06-2024,174.6000061,179.7299957,172.7299957,177.9400024,177.9400024,69887000,2026-07-29 05:52:48.140356+00:00
07-06-2024,176.1300049,179.3500061,175.5800018,177.4799957,177.4799957,56244900,2026-07-29 05:52:48.140356+00:00
10-06-2024,176.0599976,178.5700073,173.1699982,173.7899933,173.7899933,50774600,2026-07-29 05:52:48.140356+00:00
11-06-2024,173.9199982,174.75,167.4100037,170.6600037,170.6600037,64761900,2026-07-29 05:52:48.140356+00:00
12-06-2024,171.1199951,180.5500031,169.8000031,177.2899933,177.2899933,90389400,2026-07-29 05:52:48.140356+00:00
13-06-2024,188.3899994,191.0800018,181.2299957,182.4700012,182.4700012,118984100,2026-07-29 05:52:48.140356+00:00
14-06-2024,185.8000031,186.0,176.9199982,178.0099945,178.0099945,82038200,2026-07-29 05:52:48.140356+00:00
17-06-2024,177.9199982,188.8099976,177.0,187.4400024,187.4400024,109786100,2026-07-29 05:52:48.140356+00:00
18-06-2024,186.5599976,187.1999969,182.3699951,184.8600006,184.8600006,68982300,2026-07-29 05:52:48.140356+00:00
20-06-2024,184.6799927,185.2100067,179.6600037,181.5700073,181.5700073,55893100,2026-07-29 05:52:48.140356+00:00
21-06-2024,182.3000031,183.9499969,180.6900024,183.0099945,183.0099945,61937300,2026-07-29 05:52:48.140356+00:00
24-06-2024,184.9700012,188.8000031,182.5500031,182.5800018,182.5800018,61992100,2026-07-29 05:52:48.140356+00:00
25-06-2024,184.3999939,187.9700012,182.0099945,187.3500061,187.3500061,62905700,2026-07-29 05:52:48.140356+00:00
26-06-2024,186.5399933,197.7599945,186.3600006,196.3699951,196.3699951,95737100,2026-07-29 05:52:48.140356+00:00
27-06-2024,195.1699982,198.7200012,194.0500031,197.4199982,197.4199982,72746500,2026-07-29 05:52:48.140356+00:00
28-06-2024,199.5500031,203.1999969,195.2599945,197.8800049,197.8800049,95438100,2026-07-29 05:52:48.140356+00:00
01-07-2024,201.0200043,213.2299957,200.8500061,209.8600006,209.8600006,135691400,2026-07-29 05:52:48.140356+00:00
02-07-2024,218.8899994,231.3000031,218.0599976,231.2599945,231.2599945,205047900,2026-07-29 05:52:48.140356+00:00
03-07-2024,234.5599976,248.3500061,234.25,246.3899994,246.3899994,166561500,2026-07-29 05:52:48.140356+00:00
05-07-2024,249.8099976,252.3699951,242.4600067,251.5200043,251.5200043,154501200,2026-07-29 05:52:48.140356+00:00
08-07-2024,247.7100067,259.4400024,244.5700073,252.9400024,252.9400024,157219600,2026-07-29 05:52:48.140356+00:00
09-07-2024,251.0,265.6099854,250.3000031,262.3299866,262.3299866,160210900,2026-07-29 05:52:48.140356+00:00
10-07-2024,262.7999878,267.5899963,257.8599854,263.2600098,263.2600098,128519400,2026-07-29 05:52:48.140356+00:00
11-07-2024,263.2999878,271.0,239.6499939,241.0299988,241.0299988,221707300,2026-07-29 05:52:48.140356+00:00
12-07-2024,235.8000031,251.8399963,233.0899963,248.2299957,248.2299957,155955800,2026-07-29 05:52:48.140356+00:00
15-07-2024,255.9700012,265.6000061,251.7299957,252.6399994,252.6399994,146912900,2026-07-29 05:52:48.140356+00:00
16-07-2024,255.3099976,258.6199951,245.8000031,256.5599976,256.5599976,126332500,2026-07-29 05:52:48.140356+00:00
17-07-2024,252.7299957,258.4700012,246.1799927,248.5,248.5,115584800,2026-07-29 05:52:48.140356+00:00
18-07-2024,251.0899963,257.1400146,247.1999969,249.2299957,249.2299957,110869000,2026-07-29 05:52:48.140356+00:00
19-07-2024,247.7899933,249.4400024,236.8300018,239.1999969,239.1999969,87403900,2026-07-29 05:52:48.140356+00:00
22-07-2024,244.2100067,253.2100067,243.75,251.5099945,251.5099945,101225400,2026-07-29 05:52:48.140356+00:00
23-07-2024,253.6000061,255.7599945,245.6300049,246.3800049,246.3800049,111928200,2026-07-29 05:52:48.140356+00:00
24-07-2024,225.4199982,225.9900055,214.7100067,215.9900055,215.9900055,167942900,2026-07-29 05:52:48.140356+00:00
25-07-2024,216.8000031,226.0,216.2299957,220.25,220.25,100636500,2026-07-29 05:52:48.140356+00:00
26-07-2024,221.1900024,222.2799988,215.3300018,219.8000031,219.8000031,94604100,2026-07-29 05:52:48.140356+00:00
29-07-2024,224.8999939,234.2700043,224.6999969,232.1000061,232.1000061,129201800,2026-07-29 05:52:48.140356+00:00
30-07-2024,232.25,232.4100037,220.0,222.6199951,222.6199951,100560300,2026-07-29 05:52:48.140356+00:00
31-07-2024,227.8999939,234.6799927,226.7899933,232.0700073,232.0700073,67497000,2026-07-29 05:52:48.140356+00:00
01-08-2024,227.6900024,231.8699951,214.3300018,216.8600006,216.8600006,83861900,2026-07-29 05:52:48.140356+00:00
02-08-2024,214.8800049,216.1300049,205.7799988,207.6699982,207.6699982,82880100,2026-07-29 05:52:48.140356+00:00
05-08-2024,185.2200012,203.8800049,182.0,198.8800049,198.8800049,100308800,2026-07-29 05:52:48.140356+00:00
06-08-2024,200.75,202.8999939,192.6699982,200.6399994,200.6399994,73783900,2026-07-29 05:52:48.140356+00:00
07-08-2024,200.7700043,203.4900055,191.4799957,191.7599945,191.7599945,71159800,2026-07-29 05:52:48.140356+00:00
08-08-2024,195.6999969,200.6999969,192.0399933,198.8399963,198.8399963,65033900,2026-07-29 05:52:48.140356+00:00
09-08-2024,197.0500031,200.8800049,195.1100006,200.0,200.0,58648300,2026-07-29 05:52:48.140356+00:00
12-08-2024,199.0200043,199.2599945,194.6699982,197.4900055,197.4900055,64044900,2026-07-29 05:52:48.140356+00:00
13-08-2024,198.4700012,208.4900055,197.0599976,207.8300018,207.8300018,76247400,2026-07-29 05:52:48.140356+00:00
14-08-2024,207.3899994,208.4400024,198.75,201.3800049,201.3800049,70250000,2026-07-29 05:52:48.140356+00:00
15-08-2024,205.0200043,215.8800049,204.8200073,214.1399994,214.1399994,89848500,2026-07-29 05:52:48.140356+00:00
16-08-2024,211.1499939,219.8000031,210.8000031,216.1199951,216.1199951,88765100,2026-07-29 05:52:48.140356+00:00
19-08-2024,217.0700073,222.9799957,214.0899963,222.7200012,222.7200012,76435200,2026-07-29 05:52:48.140356+00:00
20-08-2024,224.8800049,228.2200012,219.5599976,221.1000061,221.1000061,74001200,2026-07-29 05:52:48.140356+00:00
21-08-2024,222.6699982,224.6600037,218.8600006,223.2700043,223.2700043,70146000,2026-07-29 05:52:48.140356+00:00
22-08-2024,223.8200073,224.8000031,210.3200073,210.6600037,210.6600037,79514500,2026-07-29 05:52:48.140356+00:00
23-08-2024,214.4600067,221.4799957,214.2100067,220.3200073,220.3200073,81525200,2026-07-29 05:52:48.140356+00:00
26-08-2024,218.75,219.0899963,211.0099945,213.2100067,213.2100067,59301200,2026-07-29 05:52:48.140356+00:00
27-08-2024,213.25,215.6600037,206.9400024,209.2100067,209.2100067,62821400,2026-07-29 05:52:48.140356+00:00
28-08-2024,209.7200012,211.8399963,202.5899963,205.75,205.75,64116400,2026-07-29 05:52:48.140356+00:00
29-08-2024,209.8000031,214.8899994,205.9700012,206.2799988,206.2799988,62308800,2026-07-29 05:52:48.140356+00:00
30-08-2024,208.6300049,214.5700073,207.0299988,214.1100006,214.1100006,63370600,2026-07-29 05:52:48.140356+00:00
03-09-2024,215.2599945,219.8999939,209.6399994,210.6000061,210.6000061,76714200,2026-07-29 05:52:48.140356+00:00
04-09-2024,210.5899963,222.2200012,210.5700073,219.4100037,219.4100037,80651800,2026-07-29 05:52:48.140356+00:00
05-09-2024,223.4900055,235.0,222.25,230.1699982,230.1699982,119355000,2026-07-29 05:52:48.140356+00:00
06-09-2024,232.6000061,233.6000061,210.5099945,210.7299957,210.7299957,112177000,2026-07-29 05:52:48.140356+00:00
09-09-2024,216.1999969,219.8699951,213.6699982,216.2700043,216.2700043,67443500,2026-07-29 05:52:48.140356+00:00
10-09-2024,220.0700073,226.3999939,218.6399994,226.1699982,226.1699982,78891100,2026-07-29 05:52:48.140356+00:00
11-09-2024,224.5500031,228.4700012,216.8000031,228.1300049,228.1300049,83548600,2026-07-29 05:52:48.140356+00:00
12-09-2024,224.6600037,231.4499969,223.8300018,229.8099976,229.8099976,71894900,2026-07-29 05:52:48.140356+00:00
13-09-2024,228.0,232.6699982,226.3200073,230.2899933,230.2899933,59515100,2026-07-29 05:52:48.140356+00:00
16-09-2024,229.3000031,229.9600067,223.5299988,226.7799988,226.7799988,54323000,2026-07-29 05:52:48.140356+00:00
17-09-2024,229.4499969,234.5700073,226.5500031,227.8699951,227.8699951,66761600,2026-07-29 05:52:48.140356+00:00
18-09-2024,230.0899963,235.6799927,226.8800049,227.1999969,227.1999969,78010200,2026-07-29 05:52:48.140356+00:00
19-09-2024,234.0,244.2400055,232.1300049,243.9199982,243.9199982,102694600,2026-07-29 05:52:48.140356+00:00
20-09-2024,241.5200043,243.9900055,235.9199982,238.25,238.25,99879100,2026-07-29 05:52:48.140356+00:00
23-09-2024,242.6100006,250.0,241.9199982,250.0,250.0,86927200,2026-07-29 05:52:48.140356+00:00
24-09-2024,254.0800018,257.1900024,249.0500031,254.2700043,254.2700043,88491000,2026-07-29 05:52:48.140356+00:00
25-09-2024,252.5399933,257.0499878,252.2799988,257.019989,257.019989,65034300,2026-07-29 05:52:48.140356+00:00
26-09-2024,260.6000061,261.75,251.5299988,254.2200012,254.2200012,67142200,2026-07-29 05:52:48.140356+00:00
27-09-2024,257.3800049,260.7000122,254.1199951,260.4599915,260.4599915,70988100,2026-07-29 05:52:48.140356+00:00
30-09-2024,259.0400085,264.8599854,255.7700043,261.6300049,261.6300049,80705700,2026-07-29 05:52:48.140356+00:00
01-10-2024,262.6700134,263.980011,248.5299988,258.019989,258.019989,87397600,2026-07-29 05:52:48.140356+00:00
02-10-2024,247.5500031,251.1600037,241.5,249.0200043,249.0200043,93983900,2026-07-29 05:52:48.140356+00:00
03-10-2024,244.4799957,249.7899933,237.8099976,240.6600037,240.6600037,80729200,2026-07-29 05:52:48.140356+00:00
04-10-2024,246.6900024,250.9600067,244.5800018,250.0800018,250.0800018,86573200,2026-07-29 05:52:48.140356+00:00
07-10-2024,249.0,249.8300018,240.6999969,240.8300018,240.8300018,68113300,2026-07-29 05:52:48.140356+00:00
08-10-2024,243.5599976,246.2100067,240.5599976,244.5,244.5,56303200,2026-07-29 05:52:48.140356+00:00
09-10-2024,243.8200073,247.4299927,239.5099945,241.0500031,241.0500031,66289500,2026-07-29 05:52:48.140356+00:00
10-10-2024,241.8099976,242.7899933,232.3399963,238.7700043,238.7700043,83087100,2026-07-29 05:52:48.140356+00:00
11-10-2024,220.1300049,223.3399963,214.3800049,217.8000031,217.8000031,142628900,2026-07-29 05:52:48.140356+00:00
14-10-2024,220.1300049,221.9100037,213.7400055,219.1600037,219.1600037,86291900,2026-07-29 05:52:48.140356+00:00
15-10-2024,220.0099945,224.2599945,217.1199951,219.5700073,219.5700073,62988800,2026-07-29 05:52:48.140356+00:00
16-10-2024,221.3999939,222.8200073,218.9299927,221.3300018,221.3300018,49632800,2026-07-29 05:52:48.140356+00:00
17-10-2024,221.5899963,222.0800018,217.8999939,220.8899994,220.8899994,50791800,2026-07-29 05:52:48.140356+00:00
18-10-2024,220.7100067,222.2799988,219.2299957,220.6999969,220.6999969,49611900,2026-07-29 05:52:48.140356+00:00
21-10-2024,218.8999939,220.4799957,215.7299957,218.8500061,218.8500061,47329000,2026-07-29 05:52:48.140356+00:00
22-10-2024,217.3099976,218.2200012,215.2599945,217.9700012,217.9700012,43268700,2026-07-29 05:52:48.140356+00:00
23-10-2024,217.1300049,218.7200012,212.1100006,213.6499939,213.6499939,80938900,2026-07-29 05:52:48.140356+00:00
24-10-2024,244.6799927,262.1199951,242.6499939,260.480011,260.480011,204491900,2026-07-29 05:52:48.140356+00:00
25-10-2024,256.0100098,269.4899902,255.3200073,269.1900024,269.1900024,161611900,2026-07-29 05:52:48.140356+00:00
28-10-2024,270.0,273.5400085,262.2399902,262.5100098,262.5100098,107653600,2026-07-29 05:52:48.140356+00:00
29-10-2024,264.5100098,264.980011,255.5099945,259.519989,259.519989,80521800,2026-07-29 05:52:48.140356+00:00
30-10-2024,258.0400085,263.3500061,255.8200073,257.5499878,257.5499878,53993600,2026-07-29 05:52:48.140356+00:00
31-10-2024,257.9899902,259.75,249.25,249.8500061,249.8500061,66575300,2026-07-29 05:52:48.140356+00:00
01-11-2024,252.0399933,254.0,246.6300049,248.9799957,248.9799957,57544800,2026-07-29 05:52:48.140356+00:00
04-11-2024,244.5599976,248.8999939,238.8800049,242.8399963,242.8399963,68802400,2026-07-29 05:52:48.140356+00:00
05-11-2024,247.3399963,255.2799988,246.2100067,251.4400024,251.4400024,69282500,2026-07-29 05:52:48.140356+00:00
06-11-2024,284.6700134,289.5899963,275.6199951,288.5299988,288.5299988,165228700,2026-07-29 05:52:48.140356+00:00
07-11-2024,288.8900146,299.75,285.519989,296.9100037,296.9100037,117309200,2026-07-29 05:52:48.140356+00:00
08-11-2024,299.1400146,328.7099915,297.6600037,321.2200012,321.2200012,204782800,2026-07-29 05:52:48.140356+00:00
11-11-2024,346.2999878,358.6400146,336.0,350.0,350.0,210521600,2026-07-29 05:52:48.140356+00:00
12-11-2024,342.7399902,345.8399963,323.3099976,328.4899902,328.4899902,155726000,2026-07-29 05:52:48.140356+00:00
13-11-2024,335.8500061,344.6000061,322.5,330.2399902,330.2399902,125405600,2026-07-29 05:52:48.140356+00:00
14-11-2024,327.6900024,329.980011,310.3699951,311.1799927,311.1799927,120726100,2026-07-29 05:52:48.140356+00:00
15-11-2024,310.5700073,324.6799927,309.2200012,320.7200012,320.7200012,114440300,2026-07-29 05:52:48.140356+00:00
18-11-2024,340.730011,348.5499878,330.0100098,338.7399902,338.7399902,126085600,2026-07-29 05:52:48.140356+00:00
19-11-2024,335.7600098,347.3800049,332.75,346.0,346.0,88852500,2026-07-29 05:52:48.140356+00:00
20-11-2024,345.0,346.6000061,334.2999878,342.0299988,342.0299988,66340700,2026-07-29 05:52:48.140356+00:00
21-11-2024,343.8099976,347.9899902,335.2799988,339.6400146,339.6400146,58011700,2026-07-29 05:52:48.140356+00:00
22-11-2024,341.0899963,361.5299988,337.7000122,352.5599976,352.5599976,89140700,2026-07-29 05:52:48.140356+00:00
25-11-2024,360.1400146,361.9299927,338.2000122,338.5899963,338.5899963,95890900,2026-07-29 05:52:48.140356+00:00
26-11-2024,341.0,346.9599915,335.6600037,338.230011,338.230011,62295900,2026-07-29 05:52:48.140356+00:00
27-11-2024,341.7999878,342.5499878,326.5899963,332.8900146,332.8900146,57896400,2026-07-29 05:52:48.140356+00:00
29-11-2024,336.0799866,345.4500122,334.6499939,345.1600037,345.1600037,37167600,2026-07-29 05:52:48.140356+00:00
02-12-2024,352.3800049,360.0,351.1499939,357.0899963,357.0899963,77986500,2026-07-29 05:52:48.140356+00:00
03-12-2024,351.7999878,355.6900024,348.2000122,351.4200134,351.4200134,58267200,2026-07-29 05:52:48.140356+00:00
04-12-2024,353.0,358.1000061,348.6000061,357.9299927,357.9299927,50810900,2026-07-29 05:52:48.140356+00:00
05-12-2024,359.8699951,375.4299927,359.5,369.4899902,369.4899902,81403600,2026-07-29 05:52:48.140356+00:00
06-12-2024,377.4200134,389.4899902,370.7999878,389.2200012,389.2200012,81455800,2026-07-29 05:52:48.140356+00:00
09-12-2024,397.6099854,404.7999878,378.0100098,389.7900085,389.7900085,96359200,2026-07-29 05:52:48.140356+00:00
10-12-2024,392.6799927,409.730011,390.8500061,400.9899902,400.9899902,97563600,2026-07-29 05:52:48.140356+00:00
11-12-2024,409.7000122,424.8800049,402.3800049,424.769989,424.769989,104287600,2026-07-29 05:52:48.140356+00:00
12-12-2024,424.8399963,429.2999878,415.0,418.1000061,418.1000061,87752200,2026-07-29 05:52:48.140356+00:00
13-12-2024,420.0,436.2999878,415.7099915,436.230011,436.230011,89000200,2026-07-29 05:52:48.140356+00:00
16-12-2024,441.0899963,463.1900024,436.1499939,463.019989,463.019989,114083800,2026-07-29 05:52:48.140356+00:00
17-12-2024,475.8999939,483.9899902,457.5100098,479.8599854,479.8599854,131223000,2026-07-29 05:52:48.140356+00:00
18-12-2024,466.5,488.5400085,427.0100098,440.1300049,440.1300049,149340800,2026-07-29 05:52:48.140356+00:00
19-12-2024,451.8800049,456.3599854,420.019989,436.1700134,436.1700134,118566100,2026-07-29 05:52:48.140356+00:00
20-12-2024,425.5100098,447.0799866,417.6400146,421.0599976,421.0599976,132216200,2026-07-29 05:52:48.140356+00:00
23-12-2024,431.0,434.5100098,415.4100037,430.6000061,430.6000061,72698100,2026-07-29 05:52:48.140356+00:00
24-12-2024,435.8999939,462.7799988,435.1400146,462.2799988,462.2799988,59551800,2026-07-29 05:52:48.140356+00:00
26-12-2024,465.1600037,465.3299866,451.019989,454.1300049,454.1300049,76366400,2026-07-29 05:52:48.140356+00:00
27-12-2024,449.519989,450.0,426.5,431.6600037,431.6600037,82666800,2026-07-29 05:52:48.140356+00:00
30-12-2024,419.3999939,427.0,415.75,417.4100037,417.4100037,64941000,2026-07-29 05:52:48.140356+00:00
31-12-2024,423.7900085,427.9299927,402.5400085,403.8399963,403.8399963,76825100,2026-07-29 05:52:48.140356+00:00
02-01-2025,390.1000061,392.730011,373.0400085,379.2799988,379.2799988,109710700,2026-07-29 05:52:48.140356+00:00
03-01-2025,381.480011,411.8800049,379.4500122,410.4400024,410.4400024,95423300,2026-07-29 05:52:48.140356+00:00
06-01-2025,423.2000122,426.4299927,401.7000122,411.0499878,411.0499878,85516500,2026-07-29 05:52:48.140356+00:00
07-01-2025,405.8299866,414.3299866,390.0,394.3599854,394.3599854,75699500,2026-07-29 05:52:48.140356+00:00
08-01-2025,392.9500122,402.5,387.3999939,394.9400024,394.9400024,73038800,2026-07-29 05:52:48.140356+00:00
10-01-2025,391.3999939,399.2799988,377.2900085,394.7399902,394.7399902,62287300,2026-07-29 05:52:48.140356+00:00
13-01-2025,383.2099915,403.7900085,380.0700073,403.3099976,403.3099976,67580500,2026-07-29 05:52:48.140356+00:00
14-01-2025,414.3399963,422.6400146,394.5400085,396.3599854,396.3599854,84565000,2026-07-29 05:52:48.140356+00:00
15-01-2025,409.8999939,429.7999878,405.6600037,428.2200012,428.2200012,81375500,2026-07-29 05:52:48.140356+00:00
16-01-2025,423.4899902,424.0,409.1300049,413.8200073,413.8200073,68335200,2026-07-29 05:52:48.140356+00:00
17-01-2025,421.5,439.7399902,419.75,426.5,426.5,94991400,2026-07-29 05:52:48.140356+00:00
21-01-2025,432.6400146,433.2000122,406.3099976,424.0700073,424.0700073,87320900,2026-07-29 05:52:48.140356+00:00
22-01-2025,416.8099976,428.0,414.5899963,415.1099854,415.1099854,60963300,2026-07-29 05:52:48.140356+00:00
23-01-2025,416.0599976,420.730011,408.9500122,412.3800049,412.3800049,50690600,2026-07-29 05:52:48.140356+00:00
24-01-2025,414.4500122,418.8800049,405.7799988,406.5799866,406.5799866,56427100,2026-07-29 05:52:48.140356+00:00
27-01-2025,394.7999878,406.6900024,389.0,397.1499939,397.1499939,58125500,2026-07-29 05:52:48.140356+00:00
28-01-2025,396.9100037,400.5899963,386.5,398.0899963,398.0899963,48910700,2026-07-29 05:52:48.140356+00:00
29-01-2025,395.2099915,398.5899963,384.480011,389.1000061,389.1000061,68033600,2026-07-29 05:52:48.140356+00:00
30-01-2025,410.7799988,412.5,384.4100037,400.2799988,400.2799988,98092900,2026-07-29 05:52:48.140356+00:00
31-01-2025,401.5299988,419.9899902,401.3399963,404.6000061,404.6000061,83283600,2026-07-29 05:52:48.140356+00:00
03-02-2025,386.6799927,389.1700134,374.3599854,383.6799927,383.6799927,93732100,2026-07-29 05:52:48.140356+00:00
04-02-2025,382.6300049,394.0,381.3999939,392.2099915,392.2099915,57072200,2026-07-29 05:52:48.140356+00:00
05-02-2025,387.5100098,388.3900146,375.5299988,378.1700134,378.1700134,57223300,2026-07-29 05:52:48.140356+00:00
06-02-2025,373.0299988,375.3999939,363.1799927,374.3200073,374.3200073,77918200,2026-07-29 05:52:48.140356+00:00
07-02-2025,370.1900024,380.5499878,360.3399963,361.6199951,361.6199951,70298300,2026-07-29 05:52:48.140356+00:00
10-02-2025,356.2099915,362.7000122,350.5100098,350.730011,350.730011,77514900,2026-07-29 05:52:48.140356+00:00
11-02-2025,345.7999878,349.3699951,325.1000061,328.5,328.5,118543400,2026-07-29 05:52:48.140356+00:00
12-02-2025,329.9400024,346.3999939,329.1199951,336.5100098,336.5100098,105382700,2026-07-29 05:52:48.140356+00:00
13-02-2025,345.0,358.6900024,342.8500061,355.9400024,355.9400024,89441500,2026-07-29 05:52:48.140356+00:00
14-02-2025,360.6199951,362.0,347.5,355.8399963,355.8399963,68277300,2026-07-29 05:52:48.140356+00:00
18-02-2025,355.0100098,359.1000061,350.019989,354.1099854,354.1099854,51631700,2026-07-29 05:52:48.140356+00:00
19-02-2025,354.0,367.3399963,353.6700134,360.5599976,360.5599976,67094400,2026-07-29 05:52:48.140356+00:00
20-02-2025,361.5100098,362.2999878,348.0,354.3999939,354.3999939,45965400,2026-07-29 05:52:48.140356+00:00
21-02-2025,353.4400024,354.980011,334.4200134,337.7999878,337.7999878,74058600,2026-07-29 05:52:48.140356+00:00
24-02-2025,338.1400146,342.3999939,324.7000122,330.5299988,330.5299988,76052300,2026-07-29 05:52:48.140356+00:00
25-02-2025,327.019989,328.8900146,297.25,302.7999878,302.7999878,134228800,2026-07-29 05:52:48.140356+00:00
26-02-2025,303.7099915,309.0,288.0400085,290.7999878,290.7999878,100118300,2026-07-29 05:52:48.140356+00:00
27-02-2025,291.1600037,297.230011,280.8800049,281.9500122,281.9500122,101748200,2026-07-29 05:52:48.140356+00:00
28-02-2025,279.5,293.8800049,273.6000061,292.980011,292.980011,115697000,2026-07-29 05:52:48.140356+00:00
03-03-2025,300.3399963,303.9400024,277.2999878,284.6499939,284.6499939,115551400,2026-07-29 05:52:48.140356+00:00
04-03-2025,270.9299927,284.3500061,261.8399963,272.0400085,272.0400085,126706600,2026-07-29 05:52:48.140356+00:00
05-03-2025,272.9200134,279.5499878,267.7099915,279.1000061,279.1000061,94042900,2026-07-29 05:52:48.140356+00:00
06-03-2025,272.0599976,272.6499939,260.019989,263.4500122,263.4500122,98451600,2026-07-29 05:52:48.140356+00:00
07-03-2025,259.3200073,266.25,250.7299957,262.6700134,262.6700134,102369600,2026-07-29 05:52:48.140356+00:00
10-03-2025,252.5399933,253.3699951,220.0,222.1499939,222.1499939,189076900,2026-07-29 05:52:48.140356+00:00
11-03-2025,225.3099976,237.0599976,217.0200043,230.5800018,230.5800018,174896400,2026-07-29 05:52:48.140356+00:00
12-03-2025,247.2200012,251.8399963,241.1000061,248.0899963,248.0899963,142215700,2026-07-29 05:52:48.140356+00:00
13-03-2025,248.1300049,248.2899933,232.6000061,240.6799927,240.6799927,114813500,2026-07-29 05:52:48.140356+00:00
14-03-2025,247.3099976,251.5800018,240.7299957,249.9799957,249.9799957,100242300,2026-07-29 05:52:48.140356+00:00
17-03-2025,245.0599976,245.3999939,232.8000031,238.0099945,238.0099945,111900600,2026-07-29 05:52:48.140356+00:00
18-03-2025,228.1600037,230.1000061,222.2799988,225.3099976,225.3099976,111477600,2026-07-29 05:52:48.140356+00:00
19-03-2025,231.6100006,241.4100037,229.1999969,235.8600006,235.8600006,111993800,2026-07-29 05:52:48.140356+00:00
20-03-2025,233.3500061,238.0,230.0500031,236.2599945,236.2599945,99028300,2026-07-29 05:52:48.140356+00:00
21-03-2025,234.9900055,249.5200043,234.5500031,248.7100067,248.7100067,132728700,2026-07-29 05:52:48.140356+00:00
24-03-2025,258.0799866,278.6400146,256.3299866,278.3900146,278.3900146,169079900,2026-07-29 05:52:48.140356+00:00
25-03-2025,283.6000061,288.2000122,271.2799988,288.1400146,288.1400146,150361500,2026-07-29 05:52:48.140356+00:00
26-03-2025,282.6600037,284.8999939,266.5100098,272.0599976,272.0599976,153629800,2026-07-29 05:52:48.140356+00:00
27-03-2025,272.480011,291.8500061,271.8200073,273.1300049,273.1300049,162572100,2026-07-29 05:52:48.140356+00:00
28-03-2025,275.5799866,276.1000061,260.5700073,263.5499878,263.5499878,123809400,2026-07-29 05:52:48.140356+00:00
31-03-2025,249.3099976,260.5599976,243.3600006,259.1600037,259.1600037,134008900,2026-07-29 05:52:48.140356+00:00
01-04-2025,263.7999878,277.4500122,259.25,268.4599915,268.4599915,146486900,2026-07-29 05:52:48.140356+00:00
02-04-2025,254.6000061,284.9899902,251.2700043,282.7600098,282.7600098,212787800,2026-07-29 05:52:48.140356+00:00
03-04-2025,265.2900085,276.2999878,261.5100098,267.2799988,267.2799988,136174300,2026-07-29 05:52:48.140356+00:00
04-04-2025,255.3800049,261.0,236.0,239.4299927,239.4299927,181229400,2026-07-29 05:52:48.140356+00:00
07-04-2025,223.7799988,252.0,214.25,233.2899933,233.2899933,183453800,2026-07-29 05:52:48.140356+00:00
08-04-2025,245.0,250.4400024,217.8000031,221.8600006,221.8600006,171603500,2026-07-29 05:52:48.140356+00:00
09-04-2025,224.6900024,274.6900024,223.8800049,272.2000122,272.2000122,219433400,2026-07-29 05:52:48.140356+00:00
10-04-2025,260.0,262.4899902,239.3300018,252.3999939,252.3999939,181722600,2026-07-29 05:52:48.140356+00:00
11-04-2025,251.8399963,257.7399902,241.3600006,252.3099976,252.3099976,128948100,2026-07-29 05:52:48.140356+00:00
14-04-2025,258.3599854,261.7999878,245.9299927,252.3500061,252.3500061,100135200,2026-07-29 05:52:48.140356+00:00
15-04-2025,249.9100037,258.75,247.5399933,254.1100006,254.1100006,79594300,2026-07-29 05:52:48.140356+00:00
16-04-2025,247.6100006,251.9700012,233.8899994,241.5500031,241.5500031,112378700,2026-07-29 05:52:48.140356+00:00
17-04-2025,243.4700012,244.3399963,237.6799927,241.3699951,241.3699951,83404800,2026-07-29 05:52:48.140356+00:00
21-04-2025,230.2599945,232.2100067,222.7899933,227.5,227.5,97768000,2026-07-29 05:52:48.140356+00:00
22-04-2025,230.9600067,242.7899933,229.8500061,237.9700012,237.9700012,120858500,2026-07-29 05:52:48.140356+00:00
23-04-2025,254.8600006,259.4500122,244.4299927,250.7400055,250.7400055,150381900,2026-07-29 05:52:48.140356+00:00
24-04-2025,250.5,259.5400085,249.1999969,259.5100098,259.5100098,94464200,2026-07-29 05:52:48.140356+00:00
25-04-2025,261.6900024,286.8500061,259.6300049,284.9500122,284.9500122,167560700,2026-07-29 05:52:48.140356+00:00
28-04-2025,288.980011,294.8599854,272.4200134,285.8800049,285.8800049,151731800,2026-07-29 05:52:48.140356+00:00
29-04-2025,285.5,293.3200073,279.4700012,292.0299988,292.0299988,108906600,2026-07-29 05:52:48.140356+00:00
30-04-2025,279.8999939,284.4500122,270.7799988,282.1600037,282.1600037,128961100,2026-07-29 05:52:48.140356+00:00
01-05-2025,280.0100098,290.8699951,279.8099976,280.519989,280.519989,99659000,2026-07-29 05:52:48.140356+00:00
02-05-2025,284.8999939,294.7799988,279.8099976,287.2099915,287.2099915,114454700,2026-07-29 05:52:48.140356+00:00
05-05-2025,284.5700073,284.8500061,274.3999939,280.2600098,280.2600098,94618900,2026-07-29 05:52:48.140356+00:00
06-05-2025,273.1099854,277.730011,271.3500061,275.3500061,275.3500061,76715800,2026-07-29 05:52:48.140356+00:00
07-05-2025,276.8800049,277.9200134,271.0,276.2200012,276.2200012,71592600,2026-07-29 05:52:48.140356+00:00
08-05-2025,279.6300049,289.7999878,279.4100037,284.8200073,284.8200073,97539400,2026-07-29 05:52:48.140356+00:00
09-05-2025,290.2099915,307.0400085,290.0,298.2600098,298.2600098,132387800,2026-07-29 05:52:48.140356+00:00
12-05-2025,321.9899902,322.2099915,311.5,318.3800049,318.3800049,112826700,2026-07-29 05:52:48.140356+00:00
13-05-2025,320.0,337.5899963,316.7999878,334.0700073,334.0700073,136992600,2026-07-29 05:52:48.140356+00:00
14-05-2025,342.5,350.0,337.0,347.6799927,347.6799927,136997300,2026-07-29 05:52:48.140356+00:00
15-05-2025,340.3399963,346.1400146,334.7200012,342.8200073,342.8200073,97882600,2026-07-29 05:52:48.140356+00:00
16-05-2025,346.2399902,351.6199951,342.3299866,349.980011,349.980011,95895700,2026-07-29 05:52:48.140356+00:00
19-05-2025,336.2999878,343.0,333.3699951,342.0899963,342.0899963,88869900,2026-07-29 05:52:48.140356+00:00
20-05-2025,347.8699951,354.9899902,341.6300049,343.8200073,343.8200073,131715500,2026-07-29 05:52:48.140356+00:00
21-05-2025,344.4299927,347.3500061,332.2000122,334.6199951,334.6199951,102354800,2026-07-29 05:52:48.140356+00:00
22-05-2025,331.8999939,347.269989,331.3900146,341.0400085,341.0400085,97113400,2026-07-29 05:52:48.140356+00:00
23-05-2025,337.9200134,343.1799927,333.2099915,339.3399963,339.3399963,84654800,2026-07-29 05:52:48.140356+00:00
27-05-2025,347.3500061,363.7900085,347.3200073,362.8900146,362.8900146,120146400,2026-07-29 05:52:48.140356+00:00
28-05-2025,364.8399963,365.0,355.9100037,356.8999939,356.8999939,91404300,2026-07-29 05:52:48.140356+00:00
29-05-2025,365.2900085,367.7099915,356.0,358.4299927,358.4299927,88087800,2026-07-29 05:52:48.140356+00:00
30-05-2025,355.519989,363.6799927,345.2900085,346.4599915,346.4599915,123474900,2026-07-29 05:52:48.140356+00:00
02-06-2025,343.5,348.019989,333.3299866,342.6900024,342.6900024,81873800,2026-07-29 05:52:48.140356+00:00
03-06-2025,346.6000061,355.3999939,343.0400085,344.269989,344.269989,99324500,2026-07-29 05:52:48.140356+00:00
04-06-2025,345.1000061,345.6000061,327.3299866,332.0499878,332.0499878,98912100,2026-07-29 05:52:48.140356+00:00
05-06-2025,322.4899902,324.5499878,273.2099915,284.7000122,284.7000122,287499800,2026-07-29 05:52:48.140356+00:00
06-06-2025,298.8299866,305.5,291.1400146,295.1400146,295.1400146,164747700,2026-07-29 05:52:48.140356+00:00
09-06-2025,285.9599915,309.8299866,281.8500061,308.5799866,308.5799866,140908900,2026-07-29 05:52:48.140356+00:00
10-06-2025,314.9400024,327.8299866,310.6700134,326.0899963,326.0899963,151256500,2026-07-29 05:52:48.140356+00:00
11-06-2025,334.3999939,335.5,322.5,326.4299927,326.4299927,122611400,2026-07-29 05:52:48.140356+00:00
12-06-2025,323.0799866,332.5599976,316.8599854,319.1099854,319.1099854,105127500,2026-07-29 05:52:48.140356+00:00
13-06-2025,313.9700012,332.9899902,313.2999878,325.3099976,325.3099976,128964300,2026-07-29 05:52:48.140356+00:00
16-06-2025,331.2900085,332.0499878,326.4100037,329.1300049,329.1300049,83925900,2026-07-29 05:52:48.140356+00:00
17-06-2025,326.0899963,327.2600098,314.7399902,316.3500061,316.3500061,88282700,2026-07-29 05:52:48.140356+00:00
18-06-2025,317.3099976,329.3200073,315.4500122,322.0499878,322.0499878,95137700,2026-07-29 05:52:48.140356+00:00
20-06-2025,327.9500122,332.3599854,317.7799988,322.1600037,322.1600037,108688000,2026-07-29 05:52:48.140356+00:00
23-06-2025,327.5400085,357.5400085,327.480011,348.6799927,348.6799927,190716800,2026-07-29 05:52:48.140356+00:00
24-06-2025,356.1700134,356.2600098,340.4400024,340.4700012,340.4700012,114736200,2026-07-29 05:52:48.140356+00:00
25-06-2025,342.7000122,343.0,320.3999939,327.5499878,327.5499878,119845100,2026-07-29 05:52:48.140356+00:00
26-06-2025,324.6099854,331.0499878,323.6099854,325.7799988,325.7799988,80440900,2026-07-29 05:52:48.140356+00:00
27-06-2025,324.5100098,329.3399963,317.5,323.6300049,323.6300049,89067000,2026-07-29 05:52:48.140356+00:00
30-06-2025,319.8999939,325.5799866,316.6000061,317.6600037,317.6600037,76695100,2026-07-29 05:52:48.140356+00:00
01-07-2025,298.4599915,305.8900146,293.2099915,300.7099915,300.7099915,145085700,2026-07-29 05:52:48.140356+00:00
02-07-2025,312.6300049,316.8299866,303.8200073,315.6499939,315.6499939,119483700,2026-07-29 05:52:48.140356+00:00
03-07-2025,317.9899902,318.4500122,312.7600098,315.3500061,315.3500061,58042300,2026-07-29 05:52:48.140356+00:00
07-07-2025,291.3699951,296.1499939,288.769989,293.9400024,293.9400024,131177900,2026-07-29 05:52:48.140356+00:00
08-07-2025,297.0,304.0499878,294.3500061,297.8099976,297.8099976,103246700,2026-07-29 05:52:48.140356+00:00
09-07-2025,297.5499878,300.1499939,293.5499878,295.8800049,295.8800049,75586800,2026-07-29 05:52:48.140356+00:00
10-07-2025,300.0499878,310.480011,300.0,309.8699951,309.8699951,104365300,2026-07-29 05:52:48.140356+00:00
11-07-2025,307.8900146,314.0899963,305.6499939,313.5100098,313.5100098,79236400,2026-07-29 05:52:48.140356+00:00
14-07-2025,317.730011,322.6000061,312.6700134,316.8999939,316.8999939,78043400,2026-07-29 05:52:48.140356+00:00
15-07-2025,319.6799927,321.2000122,310.5,310.7799988,310.7799988,77556300,2026-07-29 05:52:48.140356+00:00
16-07-2025,312.7999878,323.5,312.6199951,321.6700134,321.6700134,97284800,2026-07-29 05:52:48.140356+00:00
17-07-2025,323.1499939,324.3399963,317.0599976,319.4100037,319.4100037,73922900,2026-07-29 05:52:48.140356+00:00
18-07-2025,321.6600037,330.8999939,321.4200134,329.6499939,329.6499939,94255000,2026-07-29 05:52:48.140356+00:00
21-07-2025,334.3999939,338.0,326.8800049,328.4899902,328.4899902,75768800,2026-07-29 05:52:48.140356+00:00
22-07-2025,329.7399902,335.4100037,321.5499878,332.1099854,332.1099854,77370400,2026-07-29 05:52:48.140356+00:00
23-07-2025,330.8999939,336.2000122,328.6700134,332.5599976,332.5599976,92553800,2026-07-29 05:52:48.140356+00:00
24-07-2025,310.0,310.1499939,300.4100037,305.2999878,305.2999878,156966000,2026-07-29 05:52:48.140356+00:00
25-07-2025,308.7399902,323.6300049,308.0100098,316.0599976,316.0599976,148227000,2026-07-29 05:52:48.140356+00:00
28-07-2025,318.4500122,330.4899902,315.6900024,325.5899963,325.5899963,112673800,2026-07-29 05:52:48.140356+00:00
29-07-2025,325.5499878,326.25,318.25,321.2000122,321.2000122,87358900,2026-07-29 05:52:48.140356+00:00
30-07-2025,322.1799927,324.4500122,311.6199951,319.0400085,319.0400085,83931900,2026-07-29 05:52:48.140356+00:00
31-07-2025,319.6099854,321.3699951,306.1000061,308.269989,308.269989,85270900,2026-07-29 05:52:48.140356+00:00
01-08-2025,306.2099915,309.3099976,297.8200073,302.6300049,302.6300049,89121400,2026-07-29 05:52:48.140356+00:00
04-08-2025,309.0799866,312.1199951,303.0,309.2600098,309.2600098,78683900,2026-07-29 05:52:48.140356+00:00
05-08-2025,308.9500122,312.4500122,305.5,308.7200012,308.7200012,57961300,2026-07-29 05:52:48.140356+00:00
06-08-2025,307.8900146,320.4700012,306.9299927,319.9100037,319.9100037,78523600,2026-07-29 05:52:48.140356+00:00
07-08-2025,319.7900085,322.3999939,316.1600037,322.269989,322.269989,66658700,2026-07-29 05:52:48.140356+00:00
08-08-2025,321.4299927,335.1499939,320.980011,329.6499939,329.6499939,91200300,2026-07-29 05:52:48.140356+00:00
11-08-2025,335.0,346.6400146,334.1499939,339.0299988,339.0299988,105320200,2026-07-29 05:52:48.140356+00:00
12-08-2025,345.0,345.2600098,332.9400024,340.8399963,340.8399963,80522100,2026-07-29 05:52:48.140356+00:00
13-08-2025,341.5,348.980011,338.2000122,339.3800049,339.3800049,67838900,2026-07-29 05:52:48.140356+00:00
14-08-2025,335.7600098,340.4700012,330.3999939,335.5799866,335.5799866,75000700,2026-07-29 05:52:48.140356+00:00
15-08-2025,337.6600037,339.2999878,327.019989,330.5599976,330.5599976,74319800,2026-07-29 05:52:48.140356+00:00
18-08-2025,329.6199951,336.269989,329.5899963,335.1600037,335.1600037,56956600,2026-07-29 05:52:48.140356+00:00
19-08-2025,335.7900085,340.5499878,327.8500061,329.3099976,329.3099976,75956000,2026-07-29 05:52:48.140356+00:00
20-08-2025,329.2200012,331.3699951,314.6000061,323.8999939,323.8999939,77481800,2026-07-29 05:52:48.140356+00:00
21-08-2025,322.0799866,324.8999939,318.6799927,320.1099854,320.1099854,55744400,2026-07-29 05:52:48.140356+00:00
22-08-2025,321.6600037,340.25,319.6900024,340.0100098,340.0100098,94016300,2026-07-29 05:52:48.140356+00:00
25-08-2025,338.8999939,349.5299988,335.0299988,346.6000061,346.6000061,86670000,2026-07-29 05:52:48.140356+00:00
26-08-2025,344.9299927,351.8999939,343.7200012,351.6700134,351.6700134,76651600,2026-07-29 05:52:48.140356+00:00
27-08-2025,351.9400024,355.3900146,349.1600037,349.6000061,349.6000061,65519000,2026-07-29 05:52:48.140356+00:00
28-08-2025,350.9100037,353.5499878,340.2600098,345.980011,345.980011,67903200,2026-07-29 05:52:48.140356+00:00
29-08-2025,347.230011,348.75,331.7000122,333.8699951,333.8699951,81145700,2026-07-29 05:52:48.140356+00:00
02-09-2025,328.230011,333.3299866,325.6000061,329.3599854,329.3599854,58392000,2026-07-29 05:52:48.140356+00:00
03-09-2025,335.2000122,343.3299866,328.5100098,334.0899963,334.0899963,88733300,2026-07-29 05:52:48.140356+00:00
04-09-2025,336.1499939,338.8900146,331.480011,338.5299988,338.5299988,60711000,2026-07-29 05:52:48.140356+00:00
05-09-2025,348.0,355.8699951,344.6799927,350.8399963,350.8399963,108989800,2026-07-29 05:52:48.140356+00:00
08-09-2025,354.6400146,358.4400024,344.8399963,346.3999939,346.3999939,75208300,2026-07-29 05:52:48.140356+00:00
09-09-2025,348.4400024,350.769989,343.8200073,346.9700012,346.9700012,53816000,2026-07-29 05:52:48.140356+00:00
10-09-2025,350.5499878,356.3299866,346.0700073,347.7900085,347.7900085,72121700,2026-07-29 05:52:48.140356+00:00
11-09-2025,350.1700134,368.9899902,347.6000061,368.8099976,368.8099976,103756000,2026-07-29 05:52:48.140356+00:00
12-09-2025,370.9400024,396.6900024,370.2399902,395.9400024,395.9400024,168156400,2026-07-29 05:52:48.140356+00:00
15-09-2025,423.1300049,425.7000122,402.4299927,410.0400085,410.0400085,163823700,2026-07-29 05:52:48.140356+00:00
16-09-2025,414.5,423.25,411.4299927,421.6199951,421.6199951,104285700,2026-07-29 05:52:48.140356+00:00
17-09-2025,415.75,428.3099976,409.6700134,425.8599854,425.8599854,106133500,2026-07-29 05:52:48.140356+00:00
18-09-2025,428.8699951,432.2200012,416.5599976,416.8500061,416.8500061,90454500,2026-07-29 05:52:48.140356+00:00
19-09-2025,421.8200073,429.4700012,421.7200012,426.0700073,426.0700073,93131000,2026-07-29 05:52:48.140356+00:00
22-09-2025,431.1099854,444.980011,429.1300049,434.2099915,434.2099915,97108800,2026-07-29 05:52:48.140356+00:00
23-09-2025,439.8800049,440.9700012,423.7200012,425.8500061,425.8500061,83422700,2026-07-29 05:52:48.140356+00:00
24-09-2025,429.8299866,444.2099915,429.0299988,442.7900085,442.7900085,93133600,2026-07-29 05:52:48.140356+00:00
25-09-2025,435.2399902,435.3500061,419.0799866,423.3900146,423.3900146,96746400,2026-07-29 05:52:48.140356+00:00
26-09-2025,428.2999878,440.4700012,421.019989,440.3999939,440.3999939,101628200,2026-07-29 05:52:48.140356+00:00
29-09-2025,444.3500061,450.980011,439.5,443.2099915,443.2099915,79491500,2026-07-29 05:52:48.140356+00:00
30-09-2025,441.519989,445.0,433.1199951,444.7200012,444.7200012,74358000,2026-07-29 05:52:48.140356+00:00
01-10-2025,443.7999878,462.2900085,440.75,459.4599915,459.4599915,98122300,2026-07-29 05:52:48.140356+00:00
02-10-2025,470.5400085,470.75,435.5700073,436.0,436.0,137009000,2026-07-29 05:52:48.140356+00:00
03-10-2025,443.2900085,446.769989,416.5799866,429.8299866,429.8299866,133188200,2026-07-29 05:52:48.140356+00:00
06-10-2025,440.75,453.5499878,436.6900024,453.25,453.25,85324900,2026-07-29 05:52:48.140356+00:00
07-10-2025,447.8200073,452.6799927,432.4500122,433.0899963,433.0899963,102296100,2026-07-29 05:52:48.140356+00:00
08-10-2025,437.5700073,441.3299866,425.230011,438.6900024,438.6900024,71192100,2026-07-29 05:52:48.140356+00:00
09-10-2025,431.8099976,436.3500061,426.1799927,435.5400085,435.5400085,69339900,2026-07-29 05:52:48.140356+00:00
10-10-2025,436.5400085,443.1300049,411.4500122,413.4899902,413.4899902,112107900,2026-07-29 05:52:48.140356+00:00
13-10-2025,423.5299988,436.8900146,419.7000122,435.8999939,435.8999939,79552800,2026-07-29 05:52:48.140356+00:00
14-10-2025,426.7900085,434.2000122,417.8599854,429.2399902,429.2399902,72669400,2026-07-29 05:52:48.140356+00:00
15-10-2025,434.8999939,440.5100098,426.3299866,435.1499939,435.1499939,71558200,2026-07-29 05:52:48.140356+00:00
16-10-2025,434.730011,439.3500061,421.3099976,428.75,428.75,77189900,2026-07-29 05:52:48.140356+00:00
17-10-2025,425.5,441.4599915,423.6000061,439.3099976,439.3099976,89331600,2026-07-29 05:52:48.140356+00:00
20-10-2025,443.8699951,449.7999878,440.6099854,447.4299927,447.4299927,63719000,2026-07-29 05:52:48.140356+00:00
21-10-2025,445.7600098,449.2999878,442.0499878,442.6000061,442.6000061,54412200,2026-07-29 05:52:48.140356+00:00
22-10-2025,443.4500122,445.5400085,429.0,438.9700012,438.9700012,84023500,2026-07-29 05:52:48.140356+00:00
23-10-2025,420.0,449.3999939,413.8999939,448.980011,448.980011,126709800,2026-07-29 05:52:48.140356+00:00
24-10-2025,446.8299866,451.6799927,430.1700134,433.7200012,433.7200012,94727800,2026-07-29 05:52:48.140356+00:00
27-10-2025,439.980011,460.1600037,438.6900024,452.4200134,452.4200134,105867500,2026-07-29 05:52:48.140356+00:00
28-10-2025,454.7799988,467.0,451.6000061,460.5499878,460.5499878,80185700,2026-07-29 05:52:48.140356+00:00
29-10-2025,462.5,465.7000122,452.6499939,461.5100098,461.5100098,67983500,2026-07-29 05:52:48.140356+00:00
30-10-2025,451.0499878,455.0599976,439.6099854,440.1000061,440.1000061,72447900,2026-07-29 05:52:48.140356+00:00
31-10-2025,446.75,458.0,443.6900024,456.5599976,456.5599976,83135800,2026-07-29 05:52:48.140356+00:00
03-11-2025,455.9899902,474.0700073,453.7999878,468.3699951,468.3699951,84595200,2026-07-29 05:52:48.140356+00:00
04-11-2025,454.4599915,460.2200012,443.6000061,444.2600098,444.2600098,87756600,2026-07-29 05:52:48.140356+00:00
05-11-2025,452.0499878,466.3299866,440.7099915,462.0700073,462.0700073,85573000,2026-07-29 05:52:48.140356+00:00
06-11-2025,461.9599915,467.4500122,435.0899963,445.9100037,445.9100037,109622900,2026-07-29 05:52:48.140356+00:00
07-11-2025,437.9200134,439.3599854,421.8800049,429.519989,429.519989,103471500,2026-07-29 05:52:48.140356+00:00
10-11-2025,439.6000061,449.6700134,433.3599854,445.230011,445.230011,76515900,2026-07-29 05:52:48.140356+00:00
11-11-2025,439.3999939,442.4899902,432.3599854,439.6199951,439.6199951,60533200,2026-07-29 05:52:48.140356+00:00
12-11-2025,442.1499939,442.3299866,426.5599976,430.6000061,430.6000061,58513500,2026-07-29 05:52:48.140356+00:00
13-11-2025,423.1300049,424.5,396.3399963,401.9899902,401.9899902,118948000,2026-07-29 05:52:48.140356+00:00
14-11-2025,386.2999878,412.1900024,382.7799988,404.3500061,404.3500061,105506700,2026-07-29 05:52:48.140356+00:00
17-11-2025,398.7399902,423.9599915,398.7399902,408.9200134,408.9200134,102214300,2026-07-29 05:52:48.140356+00:00
18-11-2025,405.3800049,408.8999939,393.7099915,401.25,401.25,80688600,2026-07-29 05:52:48.140356+00:00
19-11-2025,406.1799927,411.7799988,398.5,403.9899902,403.9899902,72047700,2026-07-29 05:52:48.140356+00:00
20-11-2025,414.6300049,428.9400024,394.7399902,395.230011,395.230011,113548800,2026-07-29 05:52:48.140356+00:00
21-11-2025,402.3200073,402.7999878,383.7600098,391.0899963,391.0899963,100460600,2026-07-29 05:52:48.140356+00:00
24-11-2025,402.1700134,421.7200012,401.0899963,417.7799988,417.7799988,96806400,2026-07-29 05:52:48.140356+00:00
25-11-2025,414.4200134,420.480011,405.9500122,419.3999939,419.3999939,71915600,2026-07-29 05:52:48.140356+00:00
26-11-2025,423.9500122,426.9400024,416.8900146,426.5799866,426.5799866,63463000,2026-07-29 05:52:48.140356+00:00
28-11-2025,426.5899963,432.9299927,426.2000122,430.1700134,430.1700134,36252900,2026-07-29 05:52:48.140356+00:00
01-12-2025,425.3200073,433.6600037,425.2900085,430.1400146,430.1400146,57463600,2026-07-29 05:52:48.140356+00:00
02-12-2025,430.8099976,436.7999878,422.1199951,429.2399902,429.2399902,69336600,2026-07-29 05:52:48.140356+00:00
03-12-2025,432.1000061,447.9200134,431.1099854,446.7399902,446.7399902,87483000,2026-07-29 05:52:48.140356+00:00
04-12-2025,449.9400024,454.6300049,445.3900146,454.5299988,454.5299988,71906500,2026-07-29 05:52:48.140356+00:00
05-12-2025,453.0299988,458.8699951,451.6600037,455.0,455.0,56427500,2026-07-29 05:52:48.140356+00:00
08-12-2025,447.4500122,449.75,435.25,439.5799866,439.5799866,69165800,2026-07-29 05:52:48.140356+00:00
09-12-2025,437.5400085,452.3900146,435.7000122,445.1700134,445.1700134,62367400,2026-07-29 05:52:48.140356+00:00
10-12-2025,446.0700073,456.8800049,443.6099854,451.4500122,451.4500122,63257500,2026-07-29 05:52:48.140356+00:00
11-12-2025,448.9500122,449.269989,440.3299866,446.8900146,446.8900146,55979500,2026-07-29 05:52:48.140356+00:00
12-12-2025,448.0899963,463.0100098,441.6700134,458.9599915,458.9599915,95656700,2026-07-29 05:52:48.140356+00:00
15-12-2025,469.4400024,481.769989,467.6600037,475.3099976,475.3099976,114542200,2026-07-29 05:52:48.140356+00:00
16-12-2025,472.2099915,491.5,465.8299866,489.8800049,489.8800049,107608100,2026-07-29 05:52:48.140356+00:00
17-12-2025,488.2200012,495.2799988,466.2000122,467.2600098,467.2600098,106490400,2026-07-29 05:52:48.140356+00:00
18-12-2025,478.1600037,490.8599854,473.1199951,483.3699951,483.3699951,95168400,2026-07-29 05:52:48.140356+00:00
19-12-2025,488.1199951,490.4899902,474.7200012,481.2000122,481.2000122,103305400,2026-07-29 05:52:48.140356+00:00
22-12-2025,489.8800049,498.8299866,485.3299866,488.730011,488.730011,86916100,2026-07-29 05:52:48.140356+00:00
23-12-2025,489.3999939,491.9700012,482.8399963,485.5599976,485.5599976,58223600,2026-07-29 05:52:48.140356+00:00
24-12-2025,488.480011,490.8999939,476.7999878,485.3999939,485.3999939,41285400,2026-07-29 05:52:48.140356+00:00
26-12-2025,485.230011,489.0899963,473.8200073,475.1900024,475.1900024,58780700,2026-07-29 05:52:48.140356+00:00
29-12-2025,469.0,469.3999939,459.0,459.6400146,459.6400146,66263000,2026-07-29 05:52:48.140356+00:00
30-12-2025,461.0899963,463.1199951,453.8299866,454.4299927,454.4299927,59238500,2026-07-29 05:52:48.140356+00:00
31-12-2025,456.1000061,456.5499878,449.2999878,449.7200012,449.7200012,49078000,2026-07-29 05:52:48.140356+00:00
02-01-2026,457.7999878,458.3399963,435.2999878,438.0700073,438.0700073,85535400,2026-07-29 05:52:48.140356+00:00
05-01-2026,447.9899902,457.5499878,444.5700073,451.6700134,451.6700134,67940800,2026-07-29 05:52:48.140356+00:00
06-01-2026,446.3800049,448.25,428.7799988,432.9599915,432.9599915,89093800,2026-07-29 05:52:48.140356+00:00
07-01-2026,435.8999939,438.3699951,431.2900085,431.4100037,431.4100037,59828800,2026-07-29 05:52:48.140356+00:00
08-01-2026,427.8900146,436.8900146,424.3699951,435.7999878,435.7999878,57041100,2026-07-29 05:52:48.140356+00:00
09-01-2026,435.9500122,449.0499878,430.3900146,445.0100098,445.0100098,67331500,2026-07-29 05:52:48.140356+00:00
12-01-2026,441.230011,454.2999878,438.0,448.9599915,448.9599915,61649600,2026-07-29 05:52:48.140356+00:00
13-01-2026,450.2000122,451.8099976,443.9500122,447.2000122,447.2000122,53719200,2026-07-29 05:52:48.140356+00:00
14-01-2026,442.8099976,443.9100037,434.2200012,439.2000122,439.2000122,57259500,2026-07-29 05:52:48.140356+00:00
15-01-2026,441.1300049,445.3599854,437.6499939,438.5700073,438.5700073,49465800,2026-07-29 05:52:48.140356+00:00
16-01-2026,439.5,447.25,435.2600098,437.5,437.5,60220600,2026-07-29 05:52:48.140356+00:00
20-01-2026,429.3599854,430.730011,417.4400024,419.25,419.25,63187300,2026-07-29 05:52:48.140356+00:00
21-01-2026,421.6600037,438.2000122,419.6199951,431.4400024,431.4400024,68124000,2026-07-29 05:52:48.140356+00:00
22-01-2026,435.1600037,449.5,432.6300049,449.3599854,449.3599854,71546700,2026-07-29 05:52:48.140356+00:00
23-01-2026,447.4299927,452.4299927,444.0400085,449.0599976,449.0599976,56771400,2026-07-29 05:52:48.140356+00:00
26-01-2026,445.0,445.0400085,434.2799988,435.2000122,435.2000122,49397400,2026-07-29 05:52:48.140356+00:00
27-01-2026,437.4100037,437.519989,430.6900024,430.8999939,430.8999939,37733100,2026-07-29 05:52:48.140356+00:00
28-01-2026,431.9100037,438.2600098,430.1000061,431.4599915,431.4599915,54857400,2026-07-29 05:52:48.140356+00:00
29-01-2026,437.7999878,440.230011,414.6199951,416.5599976,416.5599976,81686100,2026-07-29 05:52:48.140356+00:00
30-01-2026,425.3500061,439.8800049,422.7000122,430.4100037,430.4100037,82626100,2026-07-29 05:52:48.140356+00:00
02-02-2026,421.2900085,427.1499939,414.5,421.8099976,421.8099976,58739500,2026-07-29 05:52:48.140356+00:00
03-02-2026,424.269989,428.5599976,413.6900024,421.9599915,421.9599915,56886500,2026-07-29 05:52:48.140356+00:00
04-02-2026,420.4599915,423.8999939,399.1799927,406.0100098,406.0100098,74606900,2026-07-29 05:52:48.140356+00:00
05-02-2026,397.019989,402.1000061,387.5299988,397.2099915,397.2099915,72819800,2026-07-29 05:52:48.140356+00:00
06-02-2026,400.8699951,414.5499878,397.75,411.1099854,411.1099854,62677100,2026-07-29 05:52:48.140356+00:00
09-02-2026,409.9100037,421.25,407.2900085,417.3200073,417.3200073,54484300,2026-07-29 05:52:48.140356+00:00
10-02-2026,418.0799866,427.25,417.0,425.2099915,425.2099915,64450200,2026-07-29 05:52:48.140356+00:00
11-02-2026,427.9599915,436.3500061,420.0299988,428.269989,428.269989,57362000,2026-07-29 05:52:48.140356+00:00
12-02-2026,430.2999878,436.230011,414.0,417.0700073,417.0700073,61933400,2026-07-29 05:52:48.140356+00:00
13-02-2026,414.3099976,424.0599976,410.8800049,417.4400024,417.4400024,51434100,2026-07-29 05:52:48.140356+00:00
17-02-2026,412.3599854,413.7200012,400.5100098,410.6300049,410.6300049,59678800,2026-07-29 05:52:48.140356+00:00
18-02-2026,411.1099854,416.8999939,409.5799866,411.3200073,411.3200073,45921400,2026-07-29 05:52:48.140356+00:00
19-02-2026,407.25,415.25,404.1099854,411.7099915,411.7099915,51019600,2026-07-29 05:52:48.140356+00:00
20-02-2026,408.2999878,414.7000122,405.5,411.8200073,411.8200073,57912200,2026-07-29 05:52:48.140356+00:00
23-02-2026,407.2900085,407.7000122,394.0400085,399.8299866,399.8299866,69680000,2026-07-29 05:52:48.140356+00:00
24-02-2026,399.5,410.8200073,397.6400146,409.3800049,409.3800049,58579500,2026-07-29 05:52:48.140356+00:00
25-02-2026,412.1499939,420.3399963,412.1499939,417.3999939,417.3999939,54809700,2026-07-29 05:52:48.140356+00:00
26-02-2026,414.4200134,416.8099976,403.6600037,408.5799866,408.5799866,53602500,2026-07-29 05:52:48.140356+00:00
27-02-2026,402.9400024,407.1199951,398.1099854,402.5100098,402.5100098,56890100,2026-07-29 05:52:48.140356+00:00
02-03-2026,390.6000061,404.5400085,388.25,403.3200073,403.3200073,55088300,2026-07-29 05:52:48.140356+00:00
03-03-2026,395.0899963,396.3399963,385.3900146,392.4299927,392.4299927,62617300,2026-07-29 05:52:48.140356+00:00
04-03-2026,397.8500061,408.3299866,394.5799866,405.9400024,405.9400024,68305500,2026-07-29 05:52:48.140356+00:00
05-03-2026,401.5700073,408.6199951,399.4200134,405.5499878,405.5499878,51925900,2026-07-29 05:52:48.140356+00:00
06-03-2026,398.0899963,402.3500061,394.2099915,396.730011,396.730011,64054600,2026-07-29 05:52:48.140356+00:00
09-03-2026,390.0499878,401.5899963,381.3999939,398.6799927,398.6799927,67018900,2026-07-29 05:52:48.140356+00:00
10-03-2026,402.2200012,406.5899963,398.1900024,399.2399902,399.2399902,59258700,2026-07-29 05:52:48.140356+00:00
11-03-2026,402.2799988,416.3800049,402.1499939,407.8200073,407.8200073,62559900,2026-07-29 05:52:48.140356+00:00
12-03-2026,405.1799927,406.5,394.6499939,395.0100098,395.0100098,60973800,2026-07-29 05:52:48.140356+00:00
13-03-2026,399.1700134,400.2000122,389.9500122,391.2000122,391.2000122,58504100,2026-07-29 05:52:48.140356+00:00
16-03-2026,396.2200012,403.730011,394.4200134,395.5599976,395.5599976,58068300,2026-07-29 05:52:48.140356+00:00
17-03-2026,395.6900024,400.1199951,393.0,399.269989,399.269989,46890500,2026-07-29 05:52:48.140356+00:00
18-03-2026,399.0,403.0700073,392.3099976,392.7799988,392.7799988,50853100,2026-07-29 05:52:48.140356+00:00
19-03-2026,387.269989,387.269989,378.730011,380.2999878,380.2999878,67078300,2026-07-29 05:52:48.140356+00:00
20-03-2026,379.8500061,379.8900146,364.4599915,367.9599915,367.9599915,78628600,2026-07-29 05:52:48.140356+00:00
23-03-2026,373.0899963,385.3299866,372.730011,380.8500061,380.8500061,74606000,2026-07-29 05:52:48.140356+00:00
24-03-2026,376.5599976,387.480011,376.3099976,383.0299988,383.0299988,60004900,2026-07-29 05:52:48.140356+00:00
25-03-2026,389.9899902,396.230011,385.0100098,385.9500122,385.9500122,55157300,2026-07-29 05:52:48.140356+00:00
26-03-2026,381.6000061,384.4400024,371.8699951,372.1099854,372.1099854,55522900,2026-07-29 05:52:48.140356+00:00
27-03-2026,369.6900024,369.8599854,359.4700012,361.8299866,361.8299866,62065700,2026-07-29 05:52:48.140356+00:00
30-03-2026,365.8599854,367.2900085,352.1400146,355.2799988,355.2799988,67954400,2026-07-29 05:52:48.140356+00:00
31-03-2026,361.5100098,373.3299866,361.0,371.75,371.75,75534900,2026-07-29 05:52:48.140356+00:00
01-04-2026,378.6300049,383.1400146,374.0799866,381.2600098,381.2600098,58683800,2026-07-29 05:52:48.140356+00:00
02-04-2026,364.2000122,370.2799988,359.0299988,360.5899963,360.5899963,83031200,2026-07-29 05:52:48.140356+00:00
06-04-2026,362.5899963,367.7200012,346.6400146,352.8200073,352.8200073,77697600,2026-07-29 05:52:48.140356+00:00
07-04-2026,346.4400024,348.019989,337.2399902,346.6499939,346.6499939,74515400,2026-07-29 05:52:48.140356+00:00
08-04-2026,363.7900085,364.5,339.6700134,343.25,343.25,78838600,2026-07-29 05:52:48.140356+00:00
09-04-2026,343.1499939,348.8800049,337.25,345.6199951,345.6199951,62164000,2026-07-29 05:52:48.140356+00:00
10-04-2026,346.2900085,350.3599854,342.7399902,348.9500122,348.9500122,51336000,2026-07-29 05:52:48.140356+00:00
13-04-2026,350.0700073,356.3500061,348.5700073,352.4200134,352.4200134,53617500,2026-07-29 05:52:48.140356+00:00
14-04-2026,357.6700134,367.6300049,354.769989,364.2000122,364.2000122,59979600,2026-07-29 05:52:48.140356+00:00
15-04-2026,366.8299866,394.6499939,362.5,391.9500122,391.9500122,113810400,2026-07-29 05:52:48.140356+00:00
16-04-2026,393.8099976,394.0599976,381.7999878,388.8999939,388.8999939,63515100,2026-07-29 05:52:48.140356+00:00
17-04-2026,395.9200134,409.2799988,391.6499939,400.6199951,400.6199951,90640000,2026-07-29 05:52:48.140356+00:00
20-04-2026,402.5799866,406.7999878,388.3299866,392.5,392.5,64603900,2026-07-29 05:52:48.140356+00:00
21-04-2026,393.0,393.9500122,385.2200012,386.4200134,386.4200134,50530600,2026-07-29 05:52:48.140356+00:00
22-04-2026,387.5700073,393.0100098,385.2999878,387.5100098,387.5100098,62362800,2026-07-29 05:52:48.140356+00:00
23-04-2026,375.2799988,386.0,368.3900146,373.7200012,373.7200012,93969500,2026-07-29 05:52:48.140356+00:00
24-04-2026,373.5,382.7600098,370.730011,376.2999878,376.2999878,62893300,2026-07-29 05:52:48.140356+00:00
27-04-2026,372.0899963,380.7799988,364.019989,378.6700134,378.6700134,66735800,2026-07-29 05:52:48.140356+00:00
28-04-2026,374.6799927,382.2900085,372.5400085,376.019989,376.019989,50864400,2026-07-29 05:52:48.140356+00:00
29-04-2026,375.3999939,376.3999939,370.0400085,372.7999878,372.7999878,45384800,2026-07-29 05:52:48.140356+00:00
30-04-2026,372.75,384.75,368.1700134,381.6300049,381.6300049,51076000,2026-07-29 05:52:48.140356+00:00
01-05-2026,382.4899902,397.8200073,378.7999878,390.8200073,390.8200073,65338300,2026-07-29 05:52:48.140356+00:00
04-05-2026,390.230011,394.6400146,384.7999878,392.5100098,392.5100098,48765100,2026-07-29 05:52:48.140356+00:00
05-05-2026,395.1900024,402.1199951,389.0,389.3699951,389.3699951,47780600,2026-07-29 05:52:48.140356+00:00
06-05-2026,386.25,401.6799927,384.019989,398.730011,398.730011,53465400,2026-07-29 05:52:48.140356+00:00
07-05-2026,407.480011,415.8299866,402.1199951,411.7900085,411.7900085,64294200,2026-07-29 05:52:48.140356+00:00
08-05-2026,416.480011,431.2000122,416.3900146,428.3500061,428.3500061,65050000,2026-07-29 05:52:48.140356+00:00
11-05-2026,422.1600037,449.1600037,416.7999878,445.0,445.0,78376100,2026-07-29 05:52:48.140356+00:00
12-05-2026,441.4100037,447.7999878,422.2600098,433.4500122,433.4500122,60569300,2026-07-29 05:52:48.140356+00:00
13-05-2026,436.6700134,453.3999939,430.2099915,445.269989,445.269989,68283200,2026-07-29 05:52:48.140356+00:00
14-05-2026,446.4899902,451.980011,441.1600037,443.2999878,443.2999878,46070400,2026-07-29 05:52:48.140356+00:00
15-05-2026,433.980011,434.6600037,422.0,422.2399902,422.2399902,52688700,2026-07-29 05:52:48.140356+00:00
18-05-2026,419.269989,421.1300049,405.3299866,409.9899902,409.9899902,52474200,2026-07-29 05:52:48.140356+00:00
19-05-2026,403.1600037,405.6300049,393.6300049,404.1099854,404.1099854,46500600,2026-07-29 05:52:48.140356+00:00
20-05-2026,407.6000061,417.4599915,406.3900146,417.2600098,417.2600098,45294700,2026-07-29 05:52:48.140356+00:00
21-05-2026,422.1799927,426.9500122,412.8999939,417.8500061,417.8500061,42636900,2026-07-29 05:52:48.140356+00:00
22-05-2026,422.6700134,431.5100098,420.5100098,426.0100098,426.0100098,46104700,2026-07-29 05:52:48.140356+00:00
26-05-2026,430.2600098,435.2000122,426.1199951,433.5899963,433.5899963,45658900,2026-07-29 05:52:48.140356+00:00
27-05-2026,442.8900146,445.6000061,435.519989,440.3599854,440.3599854,44656500,2026-07-29 05:52:48.140356+00:00
28-05-2026,437.6199951,443.9599915,436.2999878,442.1000061,442.1000061,32435000,2026-07-29 05:52:48.140356+00:00
29-05-2026,439.8500061,441.0700073,428.1400146,435.7900085,435.7900085,45176800,2026-07-29 05:52:48.140356+00:00
01-06-2026,427.4899902,429.6000061,415.4299927,415.8800049,415.8800049,44937900,2026-07-29 05:52:48.140356+00:00
02-06-2026,418.2200012,424.4200134,413.6499939,423.7399902,423.7399902,37596000,2026-07-29 05:52:48.140356+00:00
03-06-2026,418.7000122,433.6000061,416.0,423.7000122,423.7000122,44500700,2026-07-29 05:52:48.140356+00:00
04-06-2026,419.8399963,426.3500061,417.1600037,418.4500122,418.4500122,35323300,2026-07-29 05:52:48.140356+00:00
05-06-2026,420.5,424.6799927,388.5899963,391.0,391.0,63420200,2026-07-29 05:52:48.140356+00:00
08-06-2026,396.3299866,412.9400024,394.7200012,408.9500122,408.9500122,50328800,2026-07-29 05:52:48.140356+00:00
09-06-2026,411.0299988,418.5,384.2399902,396.6799927,396.6799927,59940200,2026-07-29 05:52:48.140356+00:00
10-06-2026,391.5400085,397.0899963,380.1499939,381.5899963,381.5899963,49695600,2026-07-29 05:52:48.140356+00:00
11-06-2026,388.2799988,399.5400085,380.6600037,399.1499939,399.1499939,45324300,2026-07-29 05:52:48.140356+00:00
12-06-2026,399.4899902,406.6799927,386.7600098,406.4299927,406.4299927,63514500,2026-07-29 05:52:48.140356+00:00
15-06-2026,412.3699951,416.0,407.1000061,411.1499939,411.1499939,45620500,2026-07-29 05:52:48.140356+00:00
16-06-2026,404.1099854,412.4200134,400.5400085,404.6600037,404.6600037,40255500,2026-07-29 05:52:48.140356+00:00
17-06-2026,401.5299988,405.9400024,393.7600098,396.3800049,396.3800049,43534300,2026-07-29 05:52:48.140356+00:00
18-06-2026,398.1000061,402.519989,384.7000122,400.4899902,400.4899902,58384700,2026-07-29 05:52:48.140356+00:00
22-06-2026,394.8500061,414.75,394.3999939,405.0499878,405.0499878,47819500,2026-07-29 05:52:48.140356+00:00
23-06-2026,392.6099854,392.8699951,379.0599976,381.6099854,381.6099854,50420200,2026-07-29 05:52:48.140356+00:00
24-06-2026,380.0799866,384.5799866,373.0499878,375.5299988,375.5299988,37081400,2026-07-29 05:52:48.140356+00:00
25-06-2026,375.269989,379.1199951,371.2200012,375.1199951,375.1199951,30138800,2026-07-29 05:52:48.140356+00:00
26-06-2026,370.1499939,387.7999878,368.6000061,379.7099915,379.7099915,53434100,2026-07-29 05:52:48.140356+00:00
29-06-2026,381.7900085,413.269989,379.2999878,411.8399963,411.8399963,57645800,2026-07-29 05:52:48.140356+00:00
30-06-2026,406.0,424.5400085,406.0,420.6000061,420.6000061,43385600,2026-07-29 05:52:48.140356+00:00
01-07-2026,421.4599915,432.8599854,418.0899963,425.2999878,425.2999878,40127900,2026-07-29 05:52:48.140356+00:00
02-07-2026,428.0100098,432.3500061,389.2999878,393.4500122,393.4500122,73717700,2026-07-29 05:52:48.140356+00:00
06-07-2026,397.5,420.0,390.5,419.769989,419.769989,54727900,2026-07-29 05:52:48.140356+00:00
07-07-2026,416.9599915,419.5599976,401.8800049,402.8999939,402.8999939,38149900,2026-07-29 05:52:48.140356+00:00
08-07-2026,399.3800049,399.6300049,390.5100098,394.0599976,394.0599976,33844900,2026-07-29 05:52:48.140356+00:00
09-07-2026,393.9899902,407.8599854,390.8599854,406.5499878,406.5499878,37835000,2026-07-29 05:52:48.140356+00:00
10-07-2026,410.4899902,413.1600037,402.8099976,407.7600098,407.7600098,33410000,2026-07-29 05:52:48.140356+00:00
13-07-2026,404.6099854,405.5700073,391.3699951,394.7600098,394.7600098,32809200,2026-07-29 05:52:48.140356+00:00
14-07-2026,399.0499878,402.2200012,394.7600098,396.1799927,396.1799927,23385000,2026-07-29 05:52:48.140356+00:00
15-07-2026,399.3999939,406.5899963,390.6600037,394.4599915,394.4599915,31549800,2026-07-29 05:52:48.140356+00:00
16-07-2026,392.3500061,395.3099976,385.3200073,391.0599976,391.0599976,29269100,2026-07-29 05:52:48.140356+00:00
17-07-2026,381.7799988,385.6900024,377.2200012,380.8399963,380.8399963,31394600,2026-07-29 05:52:48.140356+00:00
20-07-2026,386.0499878,386.6099854,369.4299927,369.5700073,369.5700073,33901500,2026-07-29 05:52:48.140356+00:00
21-07-2026,371.1700134,384.0700073,369.980011,378.9299927,378.9299927,32735300,2026-07-29 05:52:48.140356+00:00
22-07-2026,375.5299988,380.1700134,372.8999939,374.0100098,374.0100098,30646100,2026-07-29 05:52:48.140356+00:00
23-07-2026,341.0,342.1099854,315.7399902,319.6900024,319.6900024,115606400,2026-07-29 05:52:48.140356+00:00
24-07-2026,320.7200012,322.9599915,306.5100098,313.0299988,313.0299988,62760000,2026-07-29 05:52:48.140356+00:00
27-07-2026,313.2399902,317.0,304.2799988,309.2200012,309.2200012,44919400,2026-07-29 05:52:48.140356+00:00

